index,time,dc,bytes
571,2021-03-13 11:14:23,206,4.0
572,2021-03-13 11:14:34,206,206.0
573,2021-03-13 11:14:45,206,206.0
574,2021-03-13 11:15:16,250,206.0
575,2021-03-13 11:15:27,250,250.0
576,2021-03-13 11:15:38,250,250.0
577,2021-03-13 11:16:11,371,250.0
578,2021-03-13 11:16:22,371,371.0
579,2021-03-13 11:16:33,371,371.0
580,2021-03-13 11:17:07,294,371.0
581,2021-03-13 11:17:19,294,294.0
582,2021-03-13 11:17:29,294,294.0
583,2021-03-13 11:18:03,294,294.0
584,2021-03-13 11:18:13,294,294.0
585,2021-03-13 11:18:24,294,294.0
586,2021-03-13 11:18:57,165,294.0
587,2021-03-13 11:19:08,165,165.0
588,2021-03-13 11:19:19,165,165.0
589,2021-03-13 11:19:52,163,165.0
590,2021-03-13 11:20:03,163,163.0
591,2021-03-13 11:20:14,163,163.0
592,2021-03-13 11:20:54,250,250.0
593,2021-03-13 11:21:05,250,250.0
594,2021-03-13 11:21:16,250,250.0
595,2021-03-13 11:21:49,450,450.0
596,2021-03-13 11:21:59,450,450.0
597,2021-03-13 11:22:11,450,450.0
598,2021-03-13 11:22:50,228,450.0
599,2021-03-13 11:23:01,228,228.0
600,2021-03-13 11:23:12,228,228.0
601,2021-03-13 11:23:52,144,144.0
602,2021-03-13 11:24:03,144,144.0
603,2021-03-13 11:24:14,144,144.0
604,2021-03-13 11:24:47,103,144.0
605,2021-03-13 11:24:58,103,103.0
606,2021-03-13 11:25:09,103,103.0
607,2021-03-13 11:25:48,227,103.0
608,2021-03-13 11:25:59,227,227.0
609,2021-03-13 11:26:10,227,227.0
610,2021-03-13 11:26:43,294,227.0
611,2021-03-13 11:26:54,294,294.0
612,2021-03-13 11:27:05,294,294.0
613,2021-03-13 11:27:45,336,294.0
614,2021-03-13 11:27:57,336,336.0
615,2021-03-13 11:28:08,336,336.0
616,2021-03-13 11:28:41,2278,2278.0
617,2021-03-13 11:28:51,2278,2278.0
618,2021-03-13 11:29:02,2278,2278.0
619,2021-03-13 11:29:42,2303,2278.0
620,2021-03-13 11:29:53,2303,2303.0
621,2021-03-13 11:30:04,2303,2303.0
622,2021-03-13 11:30:43,695,2303.0
623,2021-03-13 11:30:54,695,695.0
624,2021-03-13 11:31:05,695,695.0
625,2021-03-13 11:31:38,403,695.0
626,2021-03-13 11:31:49,403,403.0
627,2021-03-13 11:32:00,403,403.0
628,2021-03-13 11:32:40,578,403.0
629,2021-03-13 11:32:52,578,578.0
630,2021-03-13 11:33:03,578,578.0
631,2021-03-13 11:33:41,2267,578.0
632,2021-03-13 11:33:52,2267,2267.0
633,2021-03-13 11:34:03,2267,2267.0
634,2021-03-13 11:34:36,1597,1597.0
635,2021-03-13 11:34:47,1597,1597.0
636,2021-03-13 11:34:57,1597,1597.0
637,2021-03-13 11:35:37,2282,1597.0
638,2021-03-13 11:35:48,2282,2282.0
639,2021-03-13 11:35:59,2282,2282.0
640,2021-03-13 11:36:38,2150,2282.0
641,2021-03-13 11:36:49,2150,2150.0
642,2021-03-13 11:37:00,2150,2150.0
643,2021-03-13 11:37:40,2099,2099.0
644,2021-03-13 11:37:50,2099,2099.0
645,2021-03-13 11:38:01,2099,2099.0
646,2021-03-13 11:38:34,2193,2099.0
647,2021-03-13 11:38:45,2193,2193.0
648,2021-03-13 11:38:56,2193,2193.0
649,2021-03-13 11:39:29,2120,2193.0
650,2021-03-13 11:39:40,2120,2120.0
651,2021-03-13 11:39:51,2120,2120.0
652,2021-03-13 11:40:30,358,2120.0
653,2021-03-13 11:40:41,358,358.0
654,2021-03-13 11:40:52,358,358.0
655,2021-03-13 11:41:25,412,358.0
656,2021-03-13 11:41:36,412,412.0
657,2021-03-13 11:41:47,412,412.0
658,2021-03-13 11:42:26,286,412.0
659,2021-03-13 11:42:37,286,286.0
660,2021-03-13 11:42:49,286,286.0
661,2021-03-13 11:45:29,396,5.0
662,2021-03-13 11:46:06,1117,396.0
663,2021-03-13 11:46:17,1117,1117.0
664,2021-03-13 11:46:28,1117,1117.0
665,2021-03-13 11:47:02,2299,1117.0
666,2021-03-13 11:47:13,2299,2299.0
667,2021-03-13 11:47:24,2299,2299.0
668,2021-03-13 11:48:04,540,1117.0
669,2021-03-13 11:48:43,1062,540.0
670,2021-03-13 11:48:54,1062,1062.0
671,2021-03-13 11:49:05,1062,1062.0
672,2021-03-13 11:49:44,424,1062.0
673,2021-03-13 11:49:55,424,424.0
674,2021-03-13 11:50:06,424,424.0
675,2021-03-13 11:50:45,374,424.0
676,2021-03-13 11:50:56,374,374.0
677,2021-03-13 11:51:07,374,374.0
678,2021-03-13 11:51:41,2198,374.0
679,2021-03-13 11:51:52,2198,2198.0
680,2021-03-13 11:52:03,2198,2198.0
681,2021-03-13 11:52:36,367,367.0
682,2021-03-13 11:52:47,367,367.0
683,2021-03-13 11:52:58,367,367.0
684,2021-03-13 11:53:37,2303,367.0
685,2021-03-13 11:53:48,2303,2303.0
686,2021-03-13 11:53:59,2303,2303.0
687,2021-03-13 11:54:32,521,2303.0
688,2021-03-13 11:54:43,521,521.0
689,2021-03-13 11:54:54,521,521.0
690,2021-03-13 11:55:34,755,521.0
691,2021-03-13 11:55:45,755,755.0
692,2021-03-13 11:55:56,755,755.0
693,2021-03-13 11:56:28,208,755.0
694,2021-03-13 11:56:39,208,208.0
695,2021-03-13 11:56:50,208,208.0
696,2021-03-13 11:57:23,252,252.0
697,2021-03-13 11:57:33,252,252.0
698,2021-03-13 11:57:44,252,252.0
699,2021-03-13 11:58:24,531,252.0
700,2021-03-13 11:58:35,531,531.0
701,2021-03-13 11:58:46,531,531.0
702,2021-03-13 11:59:25,572,531.0
703,2021-03-13 11:59:36,572,572.0
704,2021-03-13 11:59:47,572,572.0
705,2021-03-13 12:00:27,302,572.0
706,2021-03-13 12:00:39,302,302.0
707,2021-03-13 12:00:50,302,302.0
708,2021-03-13 12:01:23,289,302.0
709,2021-03-13 12:01:34,289,289.0
710,2021-03-13 12:01:45,289,289.0
711,2021-03-13 12:02:18,208,208.0
712,2021-03-13 12:02:29,208,208.0
713,2021-03-13 12:02:39,208,208.0
714,2021-03-13 12:03:19,252,208.0
715,2021-03-13 12:03:30,252,252.0
716,2021-03-13 12:03:41,252,252.0
717,2021-03-13 12:04:13,375,252.0
718,2021-03-13 12:04:24,375,375.0
719,2021-03-13 12:04:35,375,375.0
720,2021-03-13 12:05:08,749,375.0
721,2021-03-13 12:05:19,749,749.0
722,2021-03-13 12:05:30,749,749.0
723,2021-03-13 12:06:03,771,749.0
724,2021-03-13 12:06:14,771,771.0
725,2021-03-13 12:06:25,771,771.0
726,2021-03-13 12:06:58,509,509.0
727,2021-03-13 12:07:09,509,509.0
728,2021-03-13 12:07:20,509,509.0
729,2021-03-13 12:07:59,414,509.0
730,2021-03-13 12:08:10,414,414.0
731,2021-03-13 12:08:21,414,414.0
732,2021-03-13 12:08:54,445,445.0
733,2021-03-13 12:09:05,445,445.0
734,2021-03-13 12:09:15,445,445.0
735,2021-03-13 12:09:55,500,445.0
736,2021-03-13 12:10:06,500,500.0
737,2021-03-13 12:10:17,500,500.0
738,2021-03-13 12:10:50,1834,1834.0
739,2021-03-13 12:11:00,1834,1834.0
740,2021-03-13 12:11:11,1834,1834.0
741,2021-03-13 12:11:44,2115,1834.0
742,2021-03-13 12:11:55,2115,2115.0
743,2021-03-13 12:12:06,2115,2115.0
744,2021-03-13 12:12:45,1332,2115.0
745,2021-03-13 12:12:56,1332,1332.0
746,2021-03-13 12:13:07,1332,1332.0
747,2021-03-13 12:13:47,2008,2008.0
748,2021-03-13 12:13:58,2008,2008.0
749,2021-03-13 12:14:09,2008,2008.0
750,2021-03-13 12:14:48,1443,2008.0
751,2021-03-13 12:14:59,1443,1443.0
752,2021-03-13 12:15:10,1443,1443.0
753,2021-03-13 12:15:43,294,1443.0
754,2021-03-13 12:15:54,294,294.0
755,2021-03-13 12:16:05,294,294.0
756,2021-03-13 12:16:38,554,554.0
757,2021-03-13 12:16:48,554,554.0
758,2021-03-13 12:16:59,554,554.0
759,2021-03-13 12:17:39,760,554.0
760,2021-03-13 12:17:50,760,760.0
761,2021-03-13 12:18:01,760,760.0
762,2021-03-13 12:18:34,1248,1248.0
763,2021-03-13 12:18:44,1248,1248.0
764,2021-03-13 12:18:55,1248,1248.0
765,2021-03-13 12:19:28,338,1248.0
766,2021-03-13 12:19:39,338,338.0
767,2021-03-13 12:19:50,338,338.0
768,2021-03-13 12:20:23,1299,338.0
769,2021-03-13 12:20:34,1299,1299.0
770,2021-03-13 12:20:45,1299,1299.0
771,2021-03-13 12:21:18,1540,1540.0
772,2021-03-13 12:21:29,1540,1540.0
773,2021-03-13 12:21:40,1540,1540.0
774,2021-03-13 12:22:12,1948,1540.0
775,2021-03-13 12:22:23,1948,1948.0
776,2021-03-13 12:22:34,1948,1948.0
777,2021-03-13 12:23:24,395,395.0
778,2021-03-13 12:23:35,395,395.0
779,2021-03-13 12:24:08,2103,395.0
780,2021-03-13 12:24:19,2103,2103.0
781,2021-03-13 12:24:30,2103,2103.0
782,2021-03-13 12:25:04,1975,2103.0
783,2021-03-13 12:25:15,1975,1975.0
784,2021-03-13 12:25:26,1975,1975.0
785,2021-03-13 12:25:59,1187,1975.0
786,2021-03-13 12:26:10,1187,1187.0
787,2021-03-13 12:26:21,1187,1187.0
788,2021-03-13 12:27:00,1122,1187.0
789,2021-03-13 12:27:11,1122,1122.0
790,2021-03-13 12:27:22,1122,1122.0
791,2021-03-13 12:28:01,740,1122.0
792,2021-03-13 12:28:12,740,740.0
793,2021-03-13 12:28:23,740,740.0
794,2021-03-13 12:29:02,1692,740.0
795,2021-03-13 12:29:13,1692,1692.0
796,2021-03-13 12:29:24,1692,1692.0
797,2021-03-13 12:30:04,466,466.0
798,2021-03-13 12:30:15,466,466.0
799,2021-03-13 12:30:26,466,466.0
800,2021-03-13 12:31:05,450,466.0
801,2021-03-13 12:31:16,450,450.0
802,2021-03-13 12:31:28,450,450.0
803,2021-03-13 12:32:00,297,450.0
804,2021-03-13 12:32:11,297,297.0
805,2021-03-13 12:32:22,297,297.0
806,2021-03-13 12:33:01,141,297.0
807,2021-03-13 12:33:12,141,141.0
808,2021-03-13 12:33:23,141,141.0
809,2021-03-13 12:33:56,102,102.0
810,2021-03-13 12:35:11,102,102.0
811,2021-03-13 12:35:52,100,102.0
812,2021-03-13 12:36:03,100,100.0
813,2021-03-13 12:36:14,100,100.0
814,2021-03-13 12:36:53,161,100.0
815,2021-03-13 12:37:04,161,161.0
816,2021-03-13 12:37:15,161,161.0
817,2021-03-13 12:37:54,252,102.0
818,2021-03-13 12:38:05,252,252.0
819,2021-03-13 12:38:16,252,252.0
820,2021-03-13 12:38:49,400,252.0
821,2021-03-13 12:39:00,400,400.0
822,2021-03-13 12:39:12,400,400.0
823,2021-03-13 12:41:03,1342,374.0
824,2021-03-13 12:41:45,1667,1342.0
825,2021-03-13 12:41:57,1667,1667.0
826,2021-03-13 12:42:08,1667,1667.0
827,2021-03-13 12:42:46,1951,1667.0
828,2021-03-13 12:42:57,1951,1951.0
829,2021-03-13 12:43:08,1951,1951.0
830,2021-03-13 12:43:42,1961,1961.0
831,2021-03-13 12:43:53,1961,1961.0
832,2021-03-13 12:44:04,1961,1961.0
833,2021-03-13 12:44:42,1734,1961.0
834,2021-03-13 12:44:54,1734,1734.0
835,2021-03-13 12:45:05,1734,1734.0
836,2021-03-13 12:45:38,1703,1734.0
837,2021-03-13 12:45:49,1703,1703.0
838,2021-03-13 12:46:00,1703,1703.0
839,2021-03-13 12:46:39,1160,1703.0
840,2021-03-13 12:46:50,1160,1160.0
841,2021-03-13 12:47:01,1160,1160.0
842,2021-03-13 12:47:35,1024,1024.0
843,2021-03-13 12:49:10,2291,1342.0
844,2021-03-13 12:49:43,878,878.0
845,2021-03-13 12:49:53,878,878.0
846,2021-03-13 12:50:04,878,878.0
847,2021-03-13 12:50:38,2053,878.0
848,2021-03-13 12:50:49,2053,2053.0
849,2021-03-13 12:51:00,2053,2053.0
850,2021-03-13 12:51:33,1449,2053.0
851,2021-03-13 12:51:44,1449,1449.0
852,2021-03-13 12:51:55,1449,1449.0
853,2021-03-13 12:52:34,535,1449.0
854,2021-03-13 12:52:45,535,535.0
855,2021-03-13 12:52:56,535,535.0
856,2021-03-13 12:53:29,493,535.0
857,2021-03-13 12:53:40,493,493.0
858,2021-03-13 12:53:51,493,493.0
859,2021-03-13 12:54:24,339,493.0
860,2021-03-13 12:54:35,339,339.0
861,2021-03-13 12:54:46,339,339.0
862,2021-03-13 12:55:25,227,339.0
863,2021-03-13 12:55:36,227,227.0
864,2021-03-13 12:55:47,227,227.0
865,2021-03-13 12:56:27,206,206.0
866,2021-03-13 12:56:38,206,206.0
867,2021-03-13 12:56:48,206,206.0
868,2021-03-13 12:57:21,206,206.0
869,2021-03-13 12:57:32,206,206.0
870,2021-03-13 12:57:43,206,206.0
871,2021-03-13 12:58:17,278,206.0
872,2021-03-13 12:58:28,278,278.0
873,2021-03-13 12:58:39,278,278.0
874,2021-03-13 12:59:15,989,989.0
875,2021-03-13 13:00:30,765,765.0
876,2021-03-13 13:00:40,765,765.0
877,2021-03-13 13:01:13,2002,2002.0
878,2021-03-13 13:01:24,2002,2002.0
879,2021-03-13 13:01:35,2002,2002.0
880,2021-03-13 13:02:14,475,2002.0
881,2021-03-13 13:02:25,475,475.0
882,2021-03-13 13:02:36,475,475.0
883,2021-03-13 13:03:15,382,475.0
884,2021-03-13 13:03:26,382,382.0
885,2021-03-13 13:03:37,382,382.0
886,2021-03-13 13:04:17,299,382.0
887,2021-03-13 13:04:28,299,299.0
888,2021-03-13 13:04:39,299,299.0
889,2021-03-13 13:05:12,229,299.0
890,2021-03-13 13:05:23,229,229.0
891,2021-03-13 13:05:34,229,229.0
892,2021-03-13 13:06:13,227,229.0
893,2021-03-13 13:07:05,291,765.0
894,2021-03-13 13:07:16,291,291.0
895,2021-03-13 13:07:27,291,291.0
896,2021-03-13 13:08:09,386,291.0
897,2021-03-13 13:08:20,386,386.0
898,2021-03-13 13:08:31,386,386.0
899,2021-03-13 13:09:11,611,611.0
900,2021-03-13 13:09:22,611,611.0
901,2021-03-13 13:09:32,611,611.0
902,2021-03-13 13:10:12,2206,611.0
903,2021-03-13 13:10:23,2206,2206.0
904,2021-03-13 13:10:34,2206,2206.0
905,2021-03-13 13:11:13,428,2206.0
906,2021-03-13 13:11:24,428,428.0
907,2021-03-13 13:11:35,428,428.0
908,2021-03-13 13:12:15,364,428.0
909,2021-03-13 13:12:26,364,364.0
910,2021-03-13 13:12:37,364,364.0
911,2021-03-13 13:13:16,318,364.0
912,2021-03-13 13:13:27,318,318.0
913,2021-03-13 13:13:38,318,318.0
914,2021-03-13 13:14:18,360,360.0
915,2021-03-13 13:14:29,360,360.0
916,2021-03-13 13:14:39,360,360.0
917,2021-03-13 13:15:13,321,360.0
918,2021-03-13 13:15:24,321,321.0
919,2021-03-13 13:15:35,321,321.0
920,2021-03-13 13:16:08,396,321.0
921,2021-03-13 13:16:19,396,396.0
922,2021-03-13 13:16:30,396,396.0
923,2021-03-13 13:17:04,569,396.0
924,2021-03-13 13:17:15,569,569.0
925,2021-03-13 13:17:26,569,569.0
926,2021-03-13 13:17:59,588,569.0
927,2021-03-13 13:18:10,588,588.0
928,2021-03-13 13:18:21,588,588.0
929,2021-03-13 13:19:00,541,588.0
930,2021-03-13 13:19:11,541,541.0
931,2021-03-13 13:19:22,541,541.0
932,2021-03-13 13:20:02,573,541.0
933,2021-03-13 13:20:13,573,573.0
934,2021-03-13 13:20:24,573,573.0
935,2021-03-13 13:20:57,2226,573.0
936,2021-03-13 13:21:08,2226,2226.0
937,2021-03-13 13:21:19,2226,2226.0
938,2021-03-13 13:21:58,972,2226.0
939,2021-03-13 13:22:09,972,972.0
940,2021-03-13 13:22:20,972,972.0
941,2021-03-13 13:22:53,557,972.0
942,2021-03-13 13:23:04,557,557.0
943,2021-03-13 13:23:15,557,557.0
944,2021-03-13 13:23:54,557,557.0
945,2021-03-13 13:24:05,557,557.0
946,2021-03-13 13:24:16,557,557.0
947,2021-03-13 13:24:49,428,557.0
948,2021-03-13 13:25:00,428,428.0
949,2021-03-13 13:25:11,428,428.0
950,2021-03-13 13:25:45,403,428.0
951,2021-03-13 13:25:56,403,403.0
952,2021-03-13 13:26:07,403,403.0
953,2021-03-13 13:26:40,2028,403.0
954,2021-03-13 13:26:51,2028,2028.0
955,2021-03-13 13:27:02,2028,2028.0
956,2021-03-13 13:27:35,2030,2028.0
957,2021-03-13 13:27:46,2030,2030.0
958,2021-03-13 13:27:57,2030,2030.0
959,2021-03-13 13:28:30,548,2030.0
960,2021-03-13 13:28:41,548,548.0
961,2021-03-13 13:28:52,548,548.0
962,2021-03-13 13:29:25,565,548.0
963,2021-03-13 13:29:36,565,565.0
964,2021-03-13 13:29:47,565,565.0
965,2021-03-13 13:30:27,399,565.0
966,2021-03-13 13:30:38,399,399.0
967,2021-03-13 13:30:49,399,399.0
968,2021-03-13 13:31:28,1631,399.0
969,2021-03-13 13:31:39,1631,1631.0
970,2021-03-13 13:31:50,1631,1631.0
971,2021-03-13 13:32:23,1623,1631.0
972,2021-03-13 13:32:34,1623,1623.0
973,2021-03-13 13:32:45,1623,1623.0
974,2021-03-13 13:33:24,588,1623.0
975,2021-03-13 13:33:35,588,588.0
976,2021-03-13 13:33:46,588,588.0
977,2021-03-13 13:34:20,479,479.0
978,2021-03-13 13:34:30,479,479.0
979,2021-03-13 13:34:41,479,479.0
980,2021-03-13 13:35:23,294,294.0
981,2021-03-13 13:35:34,294,294.0
982,2021-03-13 13:35:45,294,294.0
983,2021-03-13 13:36:22,311,294.0
984,2021-03-13 13:36:33,311,311.0
985,2021-03-13 13:36:44,311,311.0
986,2021-03-13 13:37:17,351,311.0
987,2021-03-13 13:37:28,351,351.0
988,2021-03-13 13:37:39,351,351.0
989,2021-03-13 13:38:19,462,462.0
990,2021-03-13 13:38:30,462,462.0
991,2021-03-13 13:38:41,462,462.0
992,2021-03-13 13:39:20,333,462.0
993,2021-03-13 13:39:31,333,333.0
994,2021-03-13 13:39:42,333,333.0
995,2021-03-13 13:40:22,1745,1745.0
996,2021-03-13 13:40:33,1745,1745.0
997,2021-03-13 13:40:44,1745,1745.0
998,2021-03-13 13:41:17,2071,2071.0
999,2021-03-13 13:41:28,2071,2071.0
1000,2021-03-13 13:41:39,2071,2071.0
1001,2021-03-13 13:42:26,1570,1570.0
1002,2021-03-13 13:42:37,1570,1570.0
1003,2021-03-13 13:42:48,1570,1570.0
1004,2021-03-13 13:43:20,1894,1570.0
1005,2021-03-13 13:43:31,1894,1894.0
1006,2021-03-13 13:43:42,1894,1894.0
1007,2021-03-13 13:44:21,420,1894.0
1008,2021-03-13 13:44:32,420,420.0
1009,2021-03-13 13:44:43,420,420.0
1010,2021-03-13 13:45:23,315,315.0
1011,2021-03-13 13:45:34,315,315.0
1012,2021-03-13 13:45:45,315,315.0
1013,2021-03-13 13:46:18,183,183.0
1014,2021-03-13 13:46:29,183,183.0
1015,2021-03-13 13:46:40,183,183.0
1016,2021-03-13 13:47:19,119,183.0
1017,2021-03-13 13:47:30,119,119.0
1018,2021-03-13 13:47:41,119,119.0
1019,2021-03-13 13:48:21,141,141.0
1020,2021-03-13 13:48:32,141,141.0
1021,2021-03-13 13:48:43,141,141.0
1022,2021-03-13 13:49:23,143,143.0
1023,2021-03-13 13:49:34,143,143.0
1024,2021-03-13 13:49:45,143,143.0
1025,2021-03-13 13:50:24,143,143.0
1026,2021-03-13 13:50:35,143,143.0
1027,2021-03-13 13:50:46,143,143.0
1028,2021-03-13 13:51:25,144,143.0
1029,2021-03-13 13:51:36,144,144.0
1030,2021-03-13 13:51:47,144,144.0
1031,2021-03-13 13:52:20,382,144.0
1032,2021-03-13 13:52:31,382,382.0
1033,2021-03-13 13:52:42,382,382.0
1034,2021-03-13 13:53:16,314,314.0
1035,2021-03-13 13:53:27,314,314.0
1036,2021-03-13 13:53:38,314,314.0
1037,2021-03-13 13:54:17,363,314.0
1038,2021-03-13 13:54:28,363,363.0
1039,2021-03-13 13:54:39,363,363.0
1040,2021-03-13 13:55:12,403,363.0
1041,2021-03-13 13:55:23,403,403.0
1042,2021-03-13 13:55:34,403,403.0
1043,2021-03-13 13:56:07,428,403.0
1044,2021-03-13 13:56:19,428,428.0
1045,2021-03-13 13:56:30,428,428.0
1046,2021-03-13 13:57:03,378,378.0
1047,2021-03-13 13:57:13,378,378.0
1048,2021-03-13 13:57:24,378,378.0
1049,2021-03-13 13:58:04,403,378.0
1050,2021-03-13 13:58:15,403,403.0
1051,2021-03-13 13:58:26,403,403.0
1052,2021-03-13 13:59:05,1957,403.0
1053,2021-03-13 13:59:16,1957,1957.0
1054,2021-03-13 13:59:27,1957,1957.0
1055,2021-03-13 14:00:06,583,1957.0
1056,2021-03-13 14:00:17,583,583.0
1057,2021-03-13 14:00:28,583,583.0
1058,2021-03-13 14:01:01,535,583.0
1059,2021-03-13 14:01:12,535,535.0
1060,2021-03-13 14:01:23,535,535.0
1061,2021-03-13 14:02:02,540,535.0
1062,2021-03-13 14:02:13,540,540.0
1063,2021-03-13 14:02:24,540,540.0
1064,2021-03-13 14:03:03,1991,540.0
1065,2021-03-13 14:03:14,1991,1991.0
1066,2021-03-13 14:03:25,1991,1991.0
1067,2021-03-13 14:04:05,1127,1991.0
1068,2021-03-13 14:04:16,1127,1127.0
1069,2021-03-13 14:04:27,1127,1127.0
1070,2021-03-13 14:05:06,551,1127.0
1071,2021-03-13 14:05:17,551,551.0
1072,2021-03-13 14:05:27,551,551.0
1073,2021-03-13 14:06:01,450,450.0
1074,2021-03-13 14:06:11,450,450.0
1075,2021-03-13 14:06:22,450,450.0
1076,2021-03-13 14:07:02,416,450.0
1077,2021-03-13 14:07:13,416,416.0
1078,2021-03-13 14:07:24,416,416.0
1079,2021-03-13 14:07:57,420,420.0
1080,2021-03-13 14:08:08,420,420.0
1081,2021-03-13 14:08:59,446,446.0
1082,2021-03-13 14:09:10,446,446.0
1083,2021-03-13 14:09:21,446,446.0
1084,2021-03-13 14:09:59,462,446.0
1085,2021-03-13 14:10:10,462,462.0
1086,2021-03-13 14:10:21,462,462.0
1087,2021-03-13 14:11:00,510,462.0
1088,2021-03-13 14:11:12,510,510.0
1089,2021-03-13 14:11:23,510,510.0
1090,2021-03-13 14:12:02,1873,1873.0
1091,2021-03-13 14:12:12,1873,1873.0
1092,2021-03-13 14:12:23,1873,1873.0
1093,2021-03-13 14:13:03,657,1873.0
1094,2021-03-13 14:13:14,657,657.0
1095,2021-03-13 14:13:25,657,657.0
1096,2021-03-13 14:13:58,1776,1776.0
1097,2021-03-13 14:14:08,1776,1776.0
1098,2021-03-13 14:14:19,1776,1776.0
1099,2021-03-13 14:14:59,450,1776.0
1100,2021-03-13 14:15:10,450,450.0
1101,2021-03-13 14:15:22,450,450.0
1102,2021-03-13 14:16:59,1867,291.0
1103,2021-03-13 14:17:10,1867,1867.0
1104,2021-03-13 14:17:21,1867,1867.0
1105,2021-03-13 14:17:55,1544,1867.0
1106,2021-03-13 14:18:06,1544,1544.0
1107,2021-03-13 14:18:17,1544,1544.0
1108,2021-03-13 14:18:56,1663,1544.0
1109,2021-03-13 14:19:08,1663,1663.0
1110,2021-03-13 14:19:19,1663,1663.0
1111,2021-03-13 14:19:58,479,479.0
1112,2021-03-13 14:20:09,479,479.0
1113,2021-03-13 14:20:19,479,479.0
1114,2021-03-13 14:20:53,433,433.0
1115,2021-03-13 14:21:03,433,433.0
1116,2021-03-13 14:21:14,433,433.0
1117,2021-03-13 14:21:54,424,433.0
1118,2021-03-13 14:22:05,424,424.0
1119,2021-03-13 14:22:16,424,424.0
1120,2021-03-13 14:22:49,484,484.0
1121,2021-03-13 14:23:00,484,484.0
1122,2021-03-13 14:23:10,484,484.0
1123,2021-03-13 14:23:50,757,484.0
1124,2021-03-13 14:24:01,757,757.0
1125,2021-03-13 14:24:12,757,757.0
1126,2021-03-13 14:24:52,546,546.0
1127,2021-03-13 14:25:44,353,1867.0
1128,2021-03-13 14:25:55,353,353.0
1129,2021-03-13 14:26:06,353,353.0
1130,2021-03-13 14:26:48,312,353.0
1131,2021-03-13 14:26:59,312,312.0
1132,2021-03-13 14:27:10,312,312.0
1133,2021-03-13 14:27:43,503,312.0
1134,2021-03-13 14:27:54,503,503.0
1135,2021-03-13 14:28:05,503,503.0
1136,2021-03-13 14:28:38,478,503.0
1137,2021-03-13 14:28:49,478,478.0
1138,2021-03-13 14:29:00,478,478.0
1139,2021-03-13 14:29:39,462,478.0
1140,2021-03-13 14:29:50,462,462.0
1141,2021-03-13 14:30:01,462,462.0
1142,2021-03-13 14:30:36,472,472.0
1143,2021-03-13 14:32:20,229,229.0
1144,2021-03-13 14:37:10,1333,229.0
1145,2021-03-13 14:37:53,775,775.0
1146,2021-03-13 14:38:03,775,775.0
1147,2021-03-13 14:38:14,775,775.0
1148,2021-03-13 14:38:47,1426,775.0
1149,2021-03-13 14:38:58,1426,1426.0
1150,2021-03-13 14:39:09,1426,1426.0
1151,2021-03-13 14:39:42,927,1426.0
1152,2021-03-13 14:39:53,927,927.0
1153,2021-03-13 14:40:04,927,927.0
1154,2021-03-13 14:40:44,484,484.0
1155,2021-03-13 14:40:55,484,484.0
1156,2021-03-13 14:41:06,484,484.0
1157,2021-03-13 14:41:40,514,514.0
1158,2021-03-13 14:41:51,514,514.0
1159,2021-03-13 14:42:02,514,514.0
1160,2021-03-13 14:42:41,862,514.0
1161,2021-03-13 14:42:52,862,862.0
1162,2021-03-13 14:43:03,862,862.0
1163,2021-03-13 14:43:36,1468,1468.0
1164,2021-03-13 14:43:47,1468,1468.0
1165,2021-03-13 14:43:57,1468,1468.0
1166,2021-03-13 14:44:37,420,1468.0
1167,2021-03-13 14:44:48,420,420.0
1168,2021-03-13 14:44:59,420,420.0
1169,2021-03-13 14:45:38,416,420.0
1170,2021-03-13 14:45:49,416,416.0
1171,2021-03-13 14:46:00,416,416.0
1172,2021-03-13 14:46:33,449,416.0
1173,2021-03-13 14:46:44,449,449.0
1174,2021-03-13 14:46:55,449,449.0
1175,2021-03-13 14:47:28,403,449.0
1176,2021-03-13 14:47:39,403,403.0
1177,2021-03-13 14:47:50,403,403.0
1178,2021-03-13 14:48:30,332,332.0
1179,2021-03-13 14:48:41,332,332.0
1180,2021-03-13 14:48:52,332,332.0
1181,2021-03-13 14:49:31,273,332.0
1182,2021-03-13 14:49:42,273,273.0
1183,2021-03-13 14:49:53,273,273.0
1184,2021-03-13 14:50:32,339,273.0
1185,2021-03-13 14:50:43,339,339.0
1186,2021-03-13 14:50:54,339,339.0
1187,2021-03-13 14:51:27,399,339.0
1188,2021-03-13 14:51:38,399,399.0
1189,2021-03-13 14:51:49,399,399.0
1190,2021-03-13 14:52:29,448,448.0
1191,2021-03-13 14:52:40,448,448.0
1192,2021-03-13 14:52:51,448,448.0
1193,2021-03-13 14:53:24,318,448.0
1194,2021-03-13 14:53:35,318,318.0
1195,2021-03-13 14:53:46,318,318.0
1196,2021-03-13 14:54:25,357,318.0
1197,2021-03-13 14:54:37,357,357.0
1198,2021-03-13 14:54:48,357,357.0
1199,2021-03-13 14:55:21,450,357.0
1200,2021-03-13 14:55:32,450,450.0
1201,2021-03-13 14:55:43,450,450.0
1202,2021-03-13 14:56:22,339,450.0
1203,2021-03-13 14:56:33,339,339.0
1204,2021-03-13 14:56:44,339,339.0
1205,2021-03-13 14:57:17,299,339.0
1206,2021-03-13 14:57:28,299,299.0
1207,2021-03-13 14:57:39,299,299.0
1208,2021-03-13 14:58:19,252,299.0
1209,2021-03-13 14:58:30,252,252.0
1210,2021-03-13 14:58:41,252,252.0
1211,2021-03-13 14:59:20,224,252.0
1212,2021-03-13 14:59:31,224,224.0
1213,2021-03-13 14:59:42,224,224.0
1214,2021-03-13 15:00:15,231,224.0
1215,2021-03-13 15:00:26,231,231.0
1216,2021-03-13 15:00:37,231,231.0
1217,2021-03-13 15:01:17,247,247.0
1218,2021-03-13 15:01:28,247,247.0
1219,2021-03-13 15:01:39,247,247.0
1220,2021-03-13 15:02:13,231,231.0
1221,2021-03-13 15:02:25,231,231.0
1222,2021-03-13 15:02:35,231,231.0
1223,2021-03-13 15:03:09,210,210.0
1224,2021-03-13 15:03:19,210,210.0
1225,2021-03-13 15:03:30,210,210.0
1226,2021-03-13 15:04:10,187,210.0
1227,2021-03-13 15:04:21,187,187.0
1228,2021-03-13 15:04:32,187,187.0
1229,2021-03-13 15:05:05,210,187.0
1230,2021-03-13 15:05:16,210,210.0
1231,2021-03-13 15:05:27,210,210.0
1232,2021-03-13 15:06:00,208,210.0
1233,2021-03-13 15:06:11,208,208.0
1234,2021-03-13 15:06:22,208,208.0
1235,2021-03-13 15:06:55,206,208.0
1236,2021-03-13 15:07:06,206,206.0
1237,2021-03-13 15:07:17,206,206.0
1238,2021-03-13 15:07:50,204,206.0
1239,2021-03-13 15:08:01,204,204.0
1240,2021-03-13 15:08:12,204,204.0
1241,2021-03-13 15:08:45,210,204.0
1242,2021-03-13 15:08:56,210,210.0
1243,2021-03-13 15:09:07,210,210.0
1244,2021-03-13 15:09:47,168,210.0
1245,2021-03-13 15:09:59,168,168.0
1246,2021-03-13 15:10:10,168,168.0
1247,2021-03-13 15:10:43,144,168.0
1248,2021-03-13 15:10:54,144,144.0
1249,2021-03-13 15:11:05,144,144.0
1250,2021-03-13 15:11:45,166,166.0
1251,2021-03-13 15:11:56,166,166.0
1252,2021-03-13 15:12:07,166,166.0
1253,2021-03-13 15:12:46,187,166.0
1254,2021-03-13 15:12:57,187,187.0
1255,2021-03-13 15:13:08,187,187.0
1256,2021-03-13 15:13:47,227,187.0
1257,2021-03-13 15:13:58,227,227.0
1258,2021-03-13 15:14:09,227,227.0
1259,2021-03-13 15:14:42,212,227.0
1260,2021-03-13 15:14:53,212,212.0
1261,2021-03-13 15:15:04,212,212.0
1262,2021-03-13 15:15:44,183,212.0
1263,2021-03-13 15:15:55,183,183.0
1264,2021-03-13 15:16:06,183,183.0
1265,2021-03-13 15:16:39,713,183.0
1266,2021-03-13 15:16:50,713,713.0
1267,2021-03-13 15:17:01,713,713.0
1268,2021-03-13 15:17:34,297,713.0
1269,2021-03-13 15:17:45,297,297.0
1270,2021-03-13 15:17:56,297,297.0
1271,2021-03-13 15:18:29,315,297.0
1272,2021-03-13 15:18:40,315,315.0
1273,2021-03-13 15:18:51,315,315.0
1274,2021-03-13 15:19:30,276,315.0
1275,2021-03-13 15:19:41,276,276.0
1276,2021-03-13 15:19:52,276,276.0
1277,2021-03-13 15:20:32,837,276.0
1278,2021-03-13 15:20:43,837,837.0
1279,2021-03-13 15:20:54,837,837.0
1280,2021-03-13 15:21:33,252,837.0
1281,2021-03-13 15:21:44,252,252.0
1282,2021-03-13 15:21:55,252,252.0
1283,2021-03-13 15:22:28,291,252.0
1284,2021-03-13 15:22:39,291,291.0
1285,2021-03-13 15:22:50,291,291.0
1286,2021-03-13 15:23:23,364,291.0
1287,2021-03-13 15:23:34,364,364.0
1288,2021-03-13 15:23:45,364,364.0
1289,2021-03-13 15:24:25,357,364.0
1290,2021-03-13 15:24:36,357,357.0
1291,2021-03-13 15:24:47,357,357.0
1292,2021-03-13 15:25:26,233,357.0
1293,2021-03-13 15:25:37,233,233.0
1294,2021-03-13 15:25:48,233,233.0
1295,2021-03-13 15:26:28,163,163.0
1296,2021-03-13 15:26:39,163,163.0
1297,2021-03-13 15:26:50,163,163.0
1298,2021-03-13 15:27:23,162,163.0
1299,2021-03-13 15:27:34,162,162.0
1300,2021-03-13 15:27:45,162,162.0
1301,2021-03-13 15:28:24,229,162.0
1302,2021-03-13 15:28:35,229,229.0
1303,2021-03-13 15:28:46,229,229.0
1304,2021-03-13 15:29:20,191,191.0
1305,2021-03-13 15:29:30,191,191.0
1306,2021-03-13 15:29:41,191,191.0
1307,2021-03-13 15:30:14,144,191.0
1308,2021-03-13 15:30:25,144,144.0
1309,2021-03-13 15:30:36,144,144.0
1310,2021-03-13 15:31:16,122,144.0
1311,2021-03-13 15:31:27,122,122.0
1312,2021-03-13 15:31:38,122,122.0
1313,2021-03-13 15:32:18,103,122.0
1314,2021-03-13 15:32:29,103,103.0
1315,2021-03-13 15:32:40,103,103.0
1316,2021-03-13 15:33:13,102,103.0
1317,2021-03-13 15:33:24,102,102.0
1318,2021-03-13 15:33:35,102,102.0
1319,2021-03-13 15:34:09,165,165.0
1320,2021-03-13 15:34:19,165,165.0
1321,2021-03-13 15:34:30,165,165.0
1322,2021-03-13 15:35:04,208,208.0
1323,2021-03-13 15:35:15,208,208.0
1324,2021-03-13 15:35:26,208,208.0
1325,2021-03-13 15:36:05,206,208.0
1326,2021-03-13 15:36:16,206,206.0
1327,2021-03-13 15:36:27,206,206.0
1328,2021-03-13 15:37:00,143,206.0
1329,2021-03-13 15:37:11,143,143.0
1330,2021-03-13 15:37:22,143,143.0
1331,2021-03-13 15:37:55,144,143.0
1332,2021-03-13 15:38:06,144,144.0
1333,2021-03-13 15:38:17,144,144.0
1334,2021-03-13 15:38:57,121,121.0
1335,2021-03-13 15:39:07,121,121.0
1336,2021-03-13 15:39:18,121,121.0
1337,2021-03-13 15:39:52,81,81.0
1338,2021-03-13 15:40:03,81,81.0
1339,2021-03-13 15:40:14,81,81.0
1340,2021-03-13 15:40:47,99,99.0
1341,2021-03-13 15:40:58,99,99.0
1342,2021-03-13 15:41:09,99,99.0
1343,2021-03-13 15:41:43,144,99.0
1344,2021-03-13 15:41:55,144,144.0
1345,2021-03-13 15:42:06,144,144.0
1346,2021-03-13 15:42:39,101,101.0
1347,2021-03-13 15:42:50,101,101.0
1348,2021-03-13 15:43:01,101,101.0
1349,2021-03-13 15:43:34,80,101.0
1350,2021-03-13 15:43:45,80,80.0
1351,2021-03-13 15:43:56,80,80.0
1352,2021-03-13 15:49:29,268,80.0
1353,2021-03-13 15:49:40,268,268.0
1354,2021-03-13 15:49:51,268,268.0
1355,2021-03-13 15:50:31,336,336.0
1356,2021-03-13 15:50:42,336,336.0
1357,2021-03-13 15:50:53,336,336.0
1358,2021-03-13 15:51:39,417,336.0
1359,2021-03-13 15:51:51,417,417.0
1360,2021-03-13 15:52:02,417,417.0
1361,2021-03-13 15:52:34,297,417.0
1362,2021-03-13 15:52:45,297,297.0
1363,2021-03-13 15:52:56,297,297.0
1364,2021-03-13 15:53:35,235,297.0
1365,2021-03-13 15:53:46,235,235.0
1366,2021-03-13 15:53:57,235,235.0
1367,2021-03-13 15:54:37,294,235.0
1368,2021-03-13 15:54:48,294,294.0
1369,2021-03-13 15:54:59,294,294.0
1370,2021-03-13 15:55:32,270,294.0
1371,2021-03-13 15:55:44,270,270.0
1372,2021-03-13 15:55:55,270,270.0
1373,2021-03-13 15:56:29,168,270.0
1374,2021-03-13 15:56:40,168,168.0
1375,2021-03-13 15:56:51,168,168.0
1376,2021-03-13 15:57:30,122,168.0
1377,2021-03-13 15:57:41,122,122.0
1378,2021-03-13 15:57:52,122,122.0
1379,2021-03-13 15:58:35,183,122.0
1380,2021-03-13 15:58:47,183,183.0
1381,2021-03-13 15:58:58,183,183.0
1382,2021-03-13 15:59:33,250,183.0
1383,2021-03-13 15:59:44,250,250.0
1384,2021-03-13 15:59:55,250,250.0
1385,2021-03-13 16:00:36,189,250.0
1386,2021-03-13 16:00:47,189,189.0
1387,2021-03-13 16:00:58,189,189.0
1388,2021-03-13 16:01:32,143,189.0
1389,2021-03-13 16:01:43,143,143.0
1390,2021-03-13 16:01:54,143,143.0
1391,2021-03-13 16:02:34,122,122.0
1392,2021-03-13 16:02:44,122,122.0
1393,2021-03-13 16:02:55,122,122.0
1394,2021-03-13 16:03:29,99,122.0
1395,2021-03-13 16:03:41,99,99.0
1396,2021-03-13 16:03:52,99,99.0
1397,2021-03-13 16:04:25,81,99.0
1398,2021-03-13 16:04:36,81,81.0
1399,2021-03-13 16:04:47,81,81.0
1400,2021-03-13 16:05:20,80,81.0
1401,2021-03-13 16:05:32,80,80.0
1402,2021-03-13 16:05:43,80,80.0
1403,2021-03-13 16:06:21,121,80.0
1404,2021-03-13 16:06:33,121,121.0
1405,2021-03-13 16:06:43,121,121.0
1406,2021-03-13 16:07:23,161,121.0
1407,2021-03-13 16:07:34,161,161.0
1408,2021-03-13 16:07:45,161,161.0
1409,2021-03-13 16:08:25,122,122.0
1410,2021-03-13 16:08:35,122,122.0
1411,2021-03-13 16:08:46,122,122.0
1412,2021-03-13 16:09:26,102,122.0
1413,2021-03-13 16:09:38,102,102.0
1414,2021-03-13 16:09:49,102,102.0
1415,2021-03-13 16:10:28,81,81.0
1416,2021-03-13 16:10:39,81,81.0
1417,2021-03-13 16:10:50,81,81.0
1418,2021-03-13 16:11:29,103,81.0
1419,2021-03-13 16:11:40,103,103.0
1420,2021-03-13 16:11:51,103,103.0
1421,2021-03-13 16:12:24,102,103.0
1422,2021-03-13 16:12:35,102,102.0
1423,2021-03-13 16:12:46,102,102.0
1424,2021-03-13 16:13:26,102,102.0
1425,2021-03-13 16:13:37,102,102.0
1426,2021-03-13 16:13:48,102,102.0
1427,2021-03-13 16:14:27,121,102.0
1428,2021-03-13 16:14:38,121,121.0
1429,2021-03-13 16:14:49,121,121.0
1430,2021-03-13 16:15:22,122,121.0
1431,2021-03-13 16:15:33,122,122.0
1432,2021-03-13 16:15:44,122,122.0
1433,2021-03-13 16:16:24,102,122.0
1434,2021-03-13 16:16:35,102,102.0
1435,2021-03-13 16:16:46,102,102.0
1436,2021-03-13 16:17:19,101,102.0
1437,2021-03-13 16:17:30,101,101.0
1438,2021-03-13 16:17:41,101,101.0
1439,2021-03-13 16:18:14,58,101.0
1440,2021-03-13 16:18:25,58,58.0
1441,2021-03-13 16:18:36,58,58.0
1442,2021-03-13 16:19:10,39,58.0
1443,2021-03-13 16:19:21,39,39.0
1444,2021-03-13 16:19:33,39,39.0
1445,2021-03-13 16:20:12,39,58.0
1446,2021-03-13 16:20:23,39,39.0
1447,2021-03-13 16:20:34,39,39.0
1448,2021-03-13 16:21:07,38,39.0
1449,2021-03-13 16:21:18,38,38.0
1450,2021-03-13 16:21:29,38,38.0
1451,2021-03-13 16:22:02,60,38.0
1452,2021-03-13 16:22:13,60,60.0
1453,2021-03-13 16:22:24,60,60.0
1454,2021-03-13 16:22:57,59,60.0
1455,2021-03-13 16:23:08,59,59.0
1456,2021-03-13 16:23:19,59,59.0
1457,2021-03-13 16:23:59,38,38.0
1458,2021-03-13 16:24:10,38,38.0
1459,2021-03-13 16:24:21,38,38.0
1460,2021-03-13 16:25:00,39,38.0
1461,2021-03-13 16:25:11,39,39.0
1462,2021-03-13 16:25:22,39,39.0
1463,2021-03-13 16:25:55,38,39.0
1464,2021-03-13 16:26:06,38,38.0
1465,2021-03-13 16:26:17,38,38.0
1466,2021-03-13 16:26:50,60,38.0
1467,2021-03-13 16:27:01,60,60.0
1468,2021-03-13 16:27:12,60,60.0
1469,2021-03-13 16:27:52,58,60.0
1470,2021-03-13 16:28:03,58,58.0
1471,2021-03-13 16:28:14,58,58.0
1472,2021-03-13 16:28:53,58,58.0
1473,2021-03-13 16:29:04,58,58.0
1474,2021-03-13 16:29:15,58,58.0
1475,2021-03-13 16:29:55,38,58.0
1476,2021-03-13 16:30:06,38,38.0
1477,2021-03-13 16:30:17,38,38.0
1478,2021-03-13 16:30:56,19,38.0
1479,2021-03-13 16:31:07,19,19.0
1480,2021-03-13 16:31:18,19,19.0
1481,2021-03-13 16:31:51,18,19.0
1482,2021-03-13 16:32:02,18,18.0
1483,2021-03-13 16:32:13,18,18.0
1484,2021-03-13 16:32:47,18,18.0
1485,2021-03-13 16:32:57,18,18.0
1486,2021-03-13 16:33:08,18,18.0
1487,2021-03-13 16:33:48,18,18.0
1488,2021-03-13 16:33:59,18,18.0
1489,2021-03-13 16:34:10,18,18.0
1490,2021-03-13 16:34:43,18,18.0
1491,2021-03-13 16:34:54,18,18.0
1492,2021-03-13 16:35:05,18,18.0
1493,2021-03-13 16:35:45,36,36.0
1494,2021-03-13 16:35:56,36,36.0
1495,2021-03-13 16:36:07,36,36.0
1496,2021-03-13 16:36:40,38,36.0
1497,2021-03-13 16:36:51,38,38.0
1498,2021-03-13 16:37:02,38,38.0
1499,2021-03-13 16:37:41,38,38.0
1500,2021-03-13 16:37:53,38,38.0
1501,2021-03-13 16:38:04,38,38.0
1502,2021-03-13 16:38:43,60,38.0
1503,2021-03-13 16:38:54,60,60.0
1504,2021-03-13 16:39:05,60,60.0
1505,2021-03-13 16:39:38,79,60.0
1506,2021-03-13 16:39:49,79,79.0
1507,2021-03-13 16:40:00,79,79.0
1508,2021-03-13 16:40:39,80,79.0
1509,2021-03-13 16:40:51,80,80.0
1510,2021-03-13 16:41:01,80,80.0
1511,2021-03-13 16:41:41,80,80.0
1512,2021-03-13 16:41:52,80,80.0
1513,2021-03-13 16:42:03,80,80.0
1514,2021-03-13 16:42:42,102,80.0
1515,2021-03-13 16:42:53,102,102.0
1516,2021-03-13 16:43:04,102,102.0
1517,2021-03-13 16:43:38,144,144.0
1518,2021-03-13 16:43:49,144,144.0
1519,2021-03-13 16:44:00,144,144.0
1520,2021-03-13 16:44:39,166,144.0
1521,2021-03-13 16:44:50,166,166.0
1522,2021-03-13 16:45:01,166,166.0
1523,2021-03-13 16:45:34,144,166.0
1524,2021-03-13 16:45:45,144,144.0
1525,2021-03-13 16:45:56,144,144.0
1526,2021-03-13 16:46:36,123,144.0
1527,2021-03-13 16:46:47,123,123.0
1528,2021-03-13 16:46:58,123,123.0
1529,2021-03-13 16:47:31,102,123.0
1530,2021-03-13 16:47:43,102,102.0
1531,2021-03-13 16:47:54,102,102.0
1532,2021-03-13 16:48:32,103,102.0
1533,2021-03-13 16:48:43,103,103.0
1534,2021-03-13 16:48:54,103,103.0
1535,2021-03-13 16:49:34,123,103.0
1536,2021-03-13 16:49:45,123,123.0
1537,2021-03-13 16:49:56,123,123.0
1538,2021-03-13 16:50:29,80,123.0
1539,2021-03-13 16:50:40,80,80.0
1540,2021-03-13 16:50:51,80,80.0
1541,2021-03-13 16:51:30,80,80.0
1542,2021-03-13 16:51:41,80,80.0
1543,2021-03-13 16:51:52,80,80.0
1544,2021-03-13 16:52:25,82,80.0
1545,2021-03-13 16:52:36,82,82.0
1546,2021-03-13 16:52:48,82,82.0
1547,2021-03-13 16:53:27,102,82.0
1548,2021-03-13 16:53:38,102,102.0
1549,2021-03-13 16:53:49,102,102.0
1550,2021-03-13 16:54:29,124,124.0
1551,2021-03-13 16:54:40,124,124.0
1552,2021-03-13 16:54:51,124,124.0
1553,2021-03-13 16:55:25,122,122.0
1554,2021-03-13 16:55:36,122,122.0
1555,2021-03-13 16:55:47,122,122.0
1556,2021-03-13 16:56:21,102,102.0
1557,2021-03-13 16:56:32,102,102.0
1558,2021-03-13 16:56:43,102,102.0
1559,2021-03-13 16:57:16,101,102.0
1560,2021-03-13 16:57:27,101,101.0
1561,2021-03-13 16:57:38,101,101.0
1562,2021-03-13 16:58:11,81,101.0
1563,2021-03-13 16:58:22,81,81.0
1564,2021-03-13 16:58:33,81,81.0
1565,2021-03-13 16:59:12,60,81.0
1566,2021-03-13 16:59:23,60,60.0
1567,2021-03-13 16:59:34,60,60.0
1568,2021-03-13 17:00:14,82,60.0
1569,2021-03-13 17:00:25,82,82.0
1570,2021-03-13 17:00:36,82,82.0
1571,2021-03-13 17:01:09,80,82.0
1572,2021-03-13 17:01:20,80,80.0
1573,2021-03-13 17:01:31,80,80.0
1574,2021-03-13 17:02:11,38,38.0
1575,2021-03-13 17:02:21,38,38.0
1576,2021-03-13 17:02:32,38,38.0
1577,2021-03-13 17:03:12,59,38.0
1578,2021-03-13 17:03:23,59,59.0
1579,2021-03-13 17:03:34,59,59.0
1580,2021-03-13 17:04:13,81,59.0
1581,2021-03-13 17:04:24,81,81.0
1582,2021-03-13 17:04:35,81,81.0
1583,2021-03-13 17:05:08,60,81.0
1584,2021-03-13 17:05:19,60,60.0
1585,2021-03-13 17:05:30,60,60.0
1586,2021-03-13 17:06:10,38,60.0
1587,2021-03-13 17:06:21,38,38.0
1588,2021-03-13 17:06:32,38,38.0
1589,2021-03-13 17:07:11,39,38.0
1590,2021-03-13 17:07:22,39,39.0
1591,2021-03-13 17:07:33,39,39.0
1592,2021-03-13 17:08:07,38,38.0
1593,2021-03-13 17:08:18,38,38.0
1594,2021-03-13 17:08:29,38,38.0
1595,2021-03-13 17:09:08,38,38.0
1596,2021-03-13 17:09:19,38,38.0
1597,2021-03-13 17:09:30,38,38.0
1598,2021-03-13 17:10:09,58,38.0
1599,2021-03-13 17:10:20,58,58.0
1600,2021-03-13 17:10:31,58,58.0
1601,2021-03-13 17:11:11,61,58.0
1602,2021-03-13 17:11:22,61,61.0
1603,2021-03-13 17:11:33,61,61.0
1604,2021-03-13 17:12:06,79,61.0
1605,2021-03-13 17:12:17,79,79.0
1606,2021-03-13 17:12:28,79,79.0
1607,2021-03-13 17:13:07,80,79.0
1608,2021-03-13 17:13:18,80,80.0
1609,2021-03-13 17:13:29,80,80.0
1610,2021-03-13 17:14:03,81,81.0
1611,2021-03-13 17:14:14,81,81.0
1612,2021-03-13 17:14:25,81,81.0
1613,2021-03-13 17:15:04,80,81.0
1614,2021-03-13 17:15:15,80,80.0
1615,2021-03-13 17:15:26,80,80.0
1616,2021-03-13 17:15:59,58,80.0
1617,2021-03-13 17:16:10,58,58.0
1618,2021-03-13 17:16:21,58,58.0
1619,2021-03-13 17:17:01,81,81.0
1620,2021-03-13 17:17:12,81,81.0
1621,2021-03-13 17:17:23,81,81.0
1622,2021-03-13 17:17:56,82,81.0
1623,2021-03-13 17:18:07,82,82.0
1624,2021-03-13 17:18:18,82,82.0
1625,2021-03-13 17:18:57,100,82.0
1626,2021-03-13 17:19:08,100,100.0
1627,2021-03-13 17:19:19,100,100.0
1628,2021-03-13 17:19:59,100,100.0
1629,2021-03-13 17:20:10,100,100.0
1630,2021-03-13 17:20:21,100,100.0
1631,2021-03-13 17:21:00,59,100.0
1632,2021-03-13 17:21:11,59,59.0
1633,2021-03-13 17:21:22,59,59.0
1634,2021-03-13 17:21:55,39,59.0
1635,2021-03-13 17:22:06,39,39.0
1636,2021-03-13 17:22:17,39,39.0
1637,2021-03-13 17:22:57,39,39.0
1638,2021-03-13 17:23:08,39,39.0
1639,2021-03-13 17:23:19,39,39.0
1640,2021-03-13 17:23:58,19,39.0
1641,2021-03-13 17:24:09,19,19.0
1642,2021-03-13 17:24:20,19,19.0
1643,2021-03-13 17:25:00,20,20.0
1644,2021-03-13 17:25:11,20,20.0
1645,2021-03-13 17:25:22,20,20.0
1646,2021-03-13 17:26:01,19,20.0
1647,2021-03-13 17:26:13,19,19.0
1648,2021-03-13 17:27:44,19,19.0
1649,2021-03-13 17:27:55,19,19.0
1650,2021-03-13 17:28:06,19,19.0
1651,2021-03-13 17:28:39,19,19.0
1652,2021-03-13 17:28:50,19,19.0
1653,2021-03-13 17:29:01,19,19.0
1654,2021-03-13 17:29:34,19,19.0
1655,2021-03-13 17:29:45,19,19.0
1656,2021-03-13 17:29:56,19,19.0
1657,2021-03-13 17:30:29,19,19.0
1658,2021-03-13 17:30:41,19,19.0
1659,2021-03-13 17:30:52,19,19.0
1660,2021-03-13 17:31:31,19,19.0
1661,2021-03-13 17:31:43,19,19.0
1662,2021-03-13 17:31:53,19,19.0
1663,2021-03-13 17:32:32,19,19.0
1664,2021-03-13 17:32:43,19,19.0
1665,2021-03-13 17:32:54,19,19.0
1666,2021-03-13 17:33:33,19,19.0
1667,2021-03-13 17:33:44,19,19.0
1668,2021-03-13 17:33:55,19,19.0
1669,2021-03-13 17:34:28,18,19.0
1670,2021-03-13 17:34:39,18,18.0
1671,2021-03-13 17:34:50,18,18.0
1672,2021-03-13 17:35:24,18,18.0
1673,2021-03-13 17:35:35,18,18.0
1674,2021-03-13 17:35:46,18,18.0
1675,2021-03-13 17:36:20,18,18.0
1676,2021-03-13 17:36:31,18,18.0
1677,2021-03-13 17:36:43,18,18.0
1678,2021-03-13 17:39:56,18,1333.0
1679,2021-03-13 17:40:07,18,18.0
1680,2021-03-13 17:40:18,18,18.0
1681,2021-03-13 17:40:51,18,18.0
1682,2021-03-13 17:41:03,18,18.0
1683,2021-03-13 17:41:14,18,18.0
1684,2021-03-13 17:41:47,18,18.0
1685,2021-03-13 17:41:58,18,18.0
1686,2021-03-13 17:42:09,18,18.0
1687,2021-03-13 17:42:43,18,18.0
1688,2021-03-13 17:42:55,18,18.0
1689,2021-03-13 17:43:06,18,18.0
1690,2021-03-13 17:43:45,18,18.0
1691,2021-03-13 17:43:56,18,18.0
1692,2021-03-13 17:44:07,18,18.0
1693,2021-03-13 17:44:46,18,18.0
1694,2021-03-13 17:44:58,18,18.0
1695,2021-03-13 17:45:09,18,18.0
1696,2021-03-13 17:45:48,18,18.0
1697,2021-03-13 17:45:59,18,18.0
1698,2021-03-13 17:46:10,18,18.0
1699,2021-03-13 17:46:49,18,18.0
1700,2021-03-13 17:46:59,18,18.0
1701,2021-03-13 17:47:10,18,18.0
1702,2021-03-13 17:47:44,18,18.0
1703,2021-03-13 17:47:55,18,18.0
1704,2021-03-13 17:48:06,18,18.0
1705,2021-03-13 17:48:45,18,18.0
1706,2021-03-13 17:48:57,18,18.0
1707,2021-03-13 17:49:07,18,18.0
1708,2021-03-13 17:49:41,18,18.0
1709,2021-03-13 17:49:53,18,18.0
1710,2021-03-13 17:50:03,18,18.0
1711,2021-03-13 17:50:37,18,18.0
1712,2021-03-13 17:50:48,18,18.0
1713,2021-03-13 17:50:59,18,18.0
1714,2021-03-13 17:51:33,18,18.0
1715,2021-03-13 17:51:44,18,18.0
1716,2021-03-13 17:51:55,18,18.0
1717,2021-03-13 17:52:29,18,18.0
1718,2021-03-13 17:52:40,18,18.0
1719,2021-03-13 17:52:51,18,18.0
1720,2021-03-13 17:53:30,18,18.0
1721,2021-03-13 17:53:42,18,18.0
1722,2021-03-13 17:53:53,18,18.0
1723,2021-03-13 17:54:31,18,18.0
1724,2021-03-13 17:54:43,18,18.0
1725,2021-03-13 17:54:54,18,18.0
1726,2021-03-13 17:55:27,18,18.0
1727,2021-03-13 17:55:39,18,18.0
1728,2021-03-13 17:55:50,18,18.0
1729,2021-03-13 17:56:28,18,18.0
1730,2021-03-13 17:56:40,18,18.0
1731,2021-03-13 17:56:51,18,18.0
1732,2021-03-13 17:57:24,18,18.0
1733,2021-03-13 17:57:36,18,18.0
1734,2021-03-13 17:57:47,18,18.0
1735,2021-03-13 17:58:20,18,18.0
1736,2021-03-13 17:58:32,18,18.0
1737,2021-03-13 17:58:43,18,18.0
1738,2021-03-13 17:59:22,18,18.0
1739,2021-03-13 17:59:33,18,18.0
1740,2021-03-13 17:59:44,18,18.0
1741,2021-03-13 18:00:17,18,18.0
1742,2021-03-13 18:00:29,18,18.0
1743,2021-03-13 18:00:40,18,18.0
1744,2021-03-13 18:01:13,18,18.0
1745,2021-03-13 18:01:24,18,18.0
1746,2021-03-13 18:01:35,18,18.0
1747,2021-03-13 18:02:08,18,18.0
1748,2021-03-13 18:02:20,18,18.0
1749,2021-03-13 18:02:31,18,18.0
1750,2021-03-13 18:03:09,18,18.0
1751,2021-03-13 18:03:20,18,18.0
1752,2021-03-13 18:03:31,18,18.0
1753,2021-03-13 18:04:11,18,18.0
1754,2021-03-13 18:04:22,18,18.0
1755,2021-03-13 18:04:32,18,18.0
1756,2021-03-13 18:05:06,18,18.0
1757,2021-03-13 18:05:17,18,18.0
1758,2021-03-13 18:05:28,18,18.0
1759,2021-03-13 18:06:02,18,18.0
1760,2021-03-13 18:06:13,18,18.0
1761,2021-03-13 18:06:23,18,18.0
1762,2021-03-13 18:06:57,18,18.0
1763,2021-03-13 18:07:08,18,18.0
1764,2021-03-13 18:07:19,18,18.0
1765,2021-03-13 18:07:58,18,18.0
1766,2021-03-13 18:08:09,18,18.0
1767,2021-03-13 18:08:20,18,18.0
1768,2021-03-13 18:08:53,18,18.0
1769,2021-03-13 18:09:05,18,18.0
1770,2021-03-13 18:09:15,18,18.0
1771,2021-03-13 18:09:54,18,18.0
1772,2021-03-13 18:10:06,18,18.0
1773,2021-03-13 18:10:17,18,18.0
1774,2021-03-13 18:10:50,18,18.0
1775,2021-03-13 18:11:01,18,18.0
1776,2021-03-13 18:11:12,18,18.0
1777,2021-03-13 18:11:45,18,18.0
1778,2021-03-13 18:11:57,18,18.0
1779,2021-03-13 18:13:35,18,18.0
1780,2021-03-13 18:14:05,18,18.0
1781,2021-03-13 18:14:16,18,18.0
1782,2021-03-13 18:14:27,18,18.0
1783,2021-03-13 18:15:00,18,18.0
1784,2021-03-13 18:15:11,18,18.0
1785,2021-03-13 18:15:22,18,18.0
1786,2021-03-13 18:16:01,18,18.0
1787,2021-03-13 18:16:12,18,18.0
1788,2021-03-13 18:16:23,18,18.0
1789,2021-03-13 18:16:56,18,18.0
1790,2021-03-13 18:17:07,18,18.0
1791,2021-03-13 18:17:18,18,18.0
1792,2021-03-13 18:17:58,18,18.0
1793,2021-03-13 18:18:08,18,18.0
1794,2021-03-13 18:18:19,18,18.0
1795,2021-03-13 18:18:52,18,18.0
1796,2021-03-13 18:19:03,18,18.0
1797,2021-03-13 18:19:14,18,18.0
1798,2021-03-13 18:19:47,17,18.0
1799,2021-03-13 18:19:58,17,17.0
1800,2021-03-13 18:20:09,17,17.0
1801,2021-03-13 18:20:49,17,17.0
1802,2021-03-13 18:21:00,17,17.0
1803,2021-03-13 18:21:10,17,17.0
1804,2021-03-13 18:21:43,17,17.0
1805,2021-03-13 18:21:54,17,17.0
1806,2021-03-13 18:22:05,17,17.0
1807,2021-03-13 18:22:45,17,17.0
1808,2021-03-13 18:22:56,17,17.0
1809,2021-03-13 18:23:06,17,17.0
1810,2021-03-13 18:23:39,16,17.0
1811,2021-03-13 18:23:50,16,16.0
1812,2021-03-13 18:24:01,16,16.0
1813,2021-03-13 18:24:41,16,16.0
1814,2021-03-13 18:24:52,16,16.0
1815,2021-03-13 18:25:02,16,16.0
1816,2021-03-13 18:25:42,16,16.0
1817,2021-03-13 18:25:53,16,16.0
1818,2021-03-13 18:26:04,16,16.0
1819,2021-03-13 18:26:43,15,16.0
1820,2021-03-13 18:26:54,15,15.0
1821,2021-03-13 18:27:05,15,15.0
1822,2021-03-13 18:27:38,15,15.0
1823,2021-03-13 18:27:49,15,15.0
1824,2021-03-13 18:28:00,15,15.0
1825,2021-03-13 18:28:39,15,15.0
1826,2021-03-13 18:28:50,15,15.0
1827,2021-03-13 18:29:01,15,15.0
1828,2021-03-13 18:29:34,14,15.0
1829,2021-03-13 18:29:45,14,14.0
1830,2021-03-13 18:29:56,14,14.0
1831,2021-03-13 18:30:35,14,14.0
1832,2021-03-13 18:30:46,14,14.0
1833,2021-03-13 18:30:57,14,14.0
1834,2021-03-13 18:31:30,14,14.0
1835,2021-03-13 18:31:41,14,14.0
1836,2021-03-13 18:31:52,14,14.0
1837,2021-03-13 18:32:31,13,14.0
1838,2021-03-13 18:32:43,13,13.0
1839,2021-03-13 18:32:54,13,13.0
1840,2021-03-13 18:33:33,12,12.0
1841,2021-03-13 18:33:44,12,12.0
1842,2021-03-13 18:33:55,12,12.0
1843,2021-03-13 18:34:34,11,12.0
1844,2021-03-13 18:34:45,11,11.0
1845,2021-03-13 18:34:56,11,11.0
1846,2021-03-13 18:35:35,11,11.0
1847,2021-03-13 18:35:46,11,11.0
1848,2021-03-13 18:35:57,11,11.0
1849,2021-03-13 18:36:36,9,11.0
1850,2021-03-13 18:36:47,9,9.0
1851,2021-03-13 18:36:58,9,9.0
1852,2021-03-13 18:37:38,8,8.0
1853,2021-03-13 18:37:48,8,8.0
1854,2021-03-13 18:37:59,8,8.0
1855,2021-03-13 18:38:33,8,8.0
1856,2021-03-13 18:38:43,8,8.0
1857,2021-03-13 18:38:54,8,8.0
1858,2021-03-13 18:39:27,7,8.0
1859,2021-03-13 18:39:38,7,7.0
1860,2021-03-13 18:39:49,7,7.0
1861,2021-03-13 18:40:29,6,6.0
1862,2021-03-13 18:40:40,6,6.0
1863,2021-03-13 18:40:50,6,6.0
1864,2021-03-13 18:41:24,5,5.0
1865,2021-03-13 18:41:34,5,5.0
1866,2021-03-13 18:41:45,5,5.0
1867,2021-03-13 18:42:18,4,5.0
1868,2021-03-13 18:42:29,4,4.0
1869,2021-03-13 18:42:40,4,4.0
