eastings,northings,crag_id,name_crag
219204.4992252532,466429.4104412679,9714,The Chasms
217734.6811212606,467378.27797966206,17566,Aldrick
238852.55089442807,395323.23268473573,15951,Craig Badrig
241893.3227397281,394775.29308989487,9476,Porthllechog (Bull Bay)
252180.03774969623,383420.6686201029,9237,Anglers Zawn (Benllech)
276593.2134402741,384282.24110585154,1005,Crinkle Crag Area
276523.7491074542,384172.73671148764,2546,Wonder Wall
353605.57373388304,461125.4802129568,12186,Ottergear
363402.20141952054,457810.7058362281,1264,Wolfhole Crag
368856.36401786475,440524.4533034307,17666,Kemple End
349084.2600950174,472745.7505058509,469,Warton Pinnacle Crag
348073.0806689654,475761.53178674856,467,Trowbarrow
365807.0079160973,428306.7549047108,1403,Billinge Hill Quarry
359230.21410135017,422796.2748427666,459,Denham Quarry
348630.07918521576,478871.0608963523,1407,Fairy Steps
353921.550926039,479593.90736886207,465,Farleton Crag
380974.63477658125,444464.47640586353,464,Witches' Quarry
372219.4638262982,474662.1379847473,2935,Raven Scar
377999.7847706872,468288.5188303022,1019,Oxenber
379689.303222013,465944.1335133703,3479,Buckhaw Brow Buttress
371706.75259431975,476223.049496148,611,Twistleton Scars
380732.15638453123,465049.51288255735,604,Giggleswick South
373981.6179680434,474540.55127606855,4148,Gaping Gill
379501.4998948693,467836.51013770164,1021,Pot Scar
378271.29058411217,470401.3183421211,1713,Crummackdale
361885.50286273274,416431.8862776772,327,Lester Mill Quarry
379771.36340786074,469726.86356986186,4049,Moughton Nab
378083.7382672363,472182.50100360124,2667,Beggar's Stile
383476.76269459276,464148.7029473422,602,Attermire Scar
344807.2826021754,486482.42933987686,1269,Slape Scar
376268.19435826957,423568.86886243994,324,Troy Quarry
370821.482195841,418147.9118128393,1106,Cadshaw Rocks
370820.78887233895,418036.65539482696,1105,Cadshaw Quarry
350914.6492240233,410525.4925116398,1127,Parbold Quarry
382404.46288840345,474611.8031275957,1640,Hull Pot
321114.9014106986,479928.43584433687,1459,Dunnerholme
369667.0821002805,413371.0413376292,329,Wilton 2
369997.13365682744,413257.65826775297,328,Wilton 1
371921.60471326386,414247.07877249405,326,Egerton Quarry
373112.1291899365,414240.0979905118,1432,Ousel's Nest
397417.2393235174,468347.68422257586,608,Kilnsey
400885.8155208441,446650.47444644384,12255,Farnhill Quarry
395016.25958284264,424846.1459619546,1104,Cross Stone Quarry
399182.0138033372,466344.2090265048,1338,Dib Scar
326146.87204775074,496649.8202022731,356,Blind Tarn Crag
330797.57044005475,499025.46483274887,12196,Yewdale Crag
329490.0638496444,498488.9982073568,8396,Blue Quarry
327465.90035291447,497852.9209300275,16777,Saddle Stone Quarry
395475.6642395874,422286.72527637664,1419,Lumbutts Quarry
398514.74783265055,427736.37670804583,546,Heptonstall
398184.67770415766,426957.6881041499,1112,Horsehold Scout
394812.8868277384,420062.2660986859,1421,Warland Quarry
403175.70499950106,460336.8147990486,1546,Air Scar Crag
377886.8539378408,416885.3403347324,1373,Harcles Hill Quarry
390026.0044495206,466688.91264323215,1645,Great Close Scar
391591.10956814827,464237.9197756887,605,Gordale Scar
392127.1086523642,433305.89967831003,17470,Widdop Drums
380726.0701858054,416093.96685883706,1382,Pinfold Quarry
392322.49968267954,431970.44885070005,1094,Upper Gorple
393313.1196385971,433526.5449456994,1554,Scout Crag
391602.3798513406,470357.5268713371,1342,Yew Cogar
321166.22430797166,486716.43698155845,1458,Eccle Riggs Bank Quarry (Donkey Rocks)
386623.9550481422,420857.45570296905,1427,Lee Quarry
393377.385726177,432413.8509429116,1015,Widdop
382308.173609504,414863.87129397516,1271,Deeply Vale
398459.1005120663,456664.38098263077,17125,Hellifield
398393.8885708319,457554.5165508515,548,Rylstone
395616.3747170981,431298.564288593,1553,Scout Hut Crag
398782.86632654665,442867.6963051775,542,Earl Crag
399638.7320853552,455440.20834911044,1017,Deer Gallows
392836.1549236592,423291.401694038,17821,Watty Quarry
400425.4665211687,455106.4033411774,3374,Embsay Crag
394812.3845573939,419617.2353678775,322,Summit Quarry
322637.93566657533,496707.82480863424,15811,Pen
404106.39779088274,444204.35566274344,1248,Hawkcliffe
402584.2760177618,464119.4669388365,3733,Hebden Gill
330564.84934162727,500809.64300812257,360,Tilberthwaite Quarry
322183.0751361392,496715.54076153494,362,Wallowbarrow Crag
325858.06439492374,498880.34929628787,368,Far Hill Crag
377099.4446542801,497334.48012708034,19667,Aisgill
327692.4838090566,499852.5865074927,1618,Great How Crag
331616.9175874557,501684.0895818281,357,Hodge Close Quarry
331748.39790513343,501793.41227817966,358,Parrock Quarry
325998.77345114877,499545.82679369184,367,Great Blake Rigg
324165.70375682623,498685.5283776033,21360,Foss How Crag
345418.9401178777,504947.9845866986,487,Iving Crag
345810.75031213934,505165.8777458875,1626,Calf Howe Crag
324301.1360381834,499017.1652725806,16065,Viz Crag
324236.18890796555,499018.24147022224,366,Burnt Crag
324106.29466979916,499020.3966306723,3245,Little Blake Rigg
349221.11214256723,394632.6176774277,3015,Taylor Park (Aviary Quarry)
396265.4306446255,419170.7893730925,321,Cow's Mouth Quarry
331237.52367873426,502357.5309364421,10394,Moss Rigg Quarry
323390.0119115283,498921.052648154,3505,"Troutal Gorge, Duddon Valley."
331374.01375370123,502800.63884716085,359,Cathedral Quarry/Black Hole
322220.9381795718,498940.7977382075,8974,Lower Brandy Crag
322553.2228152213,499380.3355420346,17804,Dropping Crag
323675.82985869446,500474.3934993687,12307,Castle How Crag
326414.99677515513,505215.06356618274,1821,Crinkle Gill
329813.3675053953,506830.8766210971,340,Scout Crags
328509.6778037426,506405.96682117274,344,Raven Crag (Langdale)
395596.1884109844,410270.8305748453,319,Shaw Quarry
335741.68725825835,508746.6407054567,16205,Heron Pike North Top [Rydal Fell]
316397.99942920683,500267.88385958876,3463,Beckfoot (Eskdale) Quarry
328055.7857239952,506413.1074124301,19085,White crag
315084.92227631586,499512.9975771664,23166,Milkingstead Wood Crag
329883.33853233693,507163.6760316193,341,White Ghyll
316471.0668775343,500711.74447441136,719,Bell Stand
324989.9326302615,505349.573369171,16188,Shelter Crags
327805.2306062571,506973.534723036,345,Gimmer Crag
325717.863502238,506228.013521141,346,Neckband Crag
330284.24076444877,507936.5695748816,353,Blea Crag
350154.1105161041,388614.5104286189,1057,Pex Hill Quarry
333027.9503409347,509342.19077907223,19941,Low Raven Crag
324876.7176491108,506353.0904026794,347,Flat Crags
328469.2887528746,507964.70176276343,342,Pavey Ark
401087.508352198,424287.18299054087,3182,Robin Hood Rocks
407190.7427583199,447100.8362701625,1547,Windgate Nick
328918.49821086694,503505.97398350376,16538,Miller Stands
348045.1057844475,507699.3725032734,486,Buckbarrow Crag
397188.6852746664,416388.6886806855,1356,Blackstone Edge
406841.0557896714,461787.1264232632,1336,Troller's Gill
324026.38010744273,502026.673554834,8395,Dod Crag
327363.08226165187,503641.76150905725,1615,Long Scar
327364.85346530203,503753.0262962448,350,Black Crag (Wrynose)
405500.8256844549,431744.54057022557,1247,Ogden Clough
322785.6712943518,501602.3055147354,725,Hardknott Crag
332519.9985639596,505677.0948850566,331,Raven Crag (Walthwaite)
330436.26251750777,505151.95282215904,3122,Upper Spout Crag
407891.9310460519,459786.00422899716,1246,Simons Seat
325802.31899077125,503444.2856871481,372,Gaitkins
406309.8487104986,467349.6542325822,1992,Great Wolfrey
318400.9115716772,499675.1852518781,727,Gate Crags
330378.1986334886,505598.005110921,1616,Oak Howe Crag
326789.86523580813,504318.6825648347,8596,Black Wars
320118.50371861056,501314.29100658745,720,Hare Crags
389776.56418375194,501071.54432902776,22126,"Kisdon Force, Swaledale"
414881.30192949774,445116.14137698465,1561,Burley Woodhead Quarry
329958.6808869113,512059.3888978703,25019,The Wizard Stone
403075.29780412145,411827.18188077817,1414,Nab End
327096.71550973895,511325.2820857696,2335,Sergeant Crag Slabs
415304.48967105884,456355.14625097613,1915,Brandrith
409737.1748668946,422405.5533437797,22264,The Party Boulder
326125.1358504301,511340.9481228816,2477,Cam Crags Borrowdale
415097.7068682251,439108.66629946255,537,Baildon Bank
335690.7501134518,514311.8478387323,448,Eagle Crag (Grisedale)
403208.3023889758,410825.960461956,318,Pule Hill Rocks
321560.45656770834,509636.5596227889,523,Kern Knotts
327758.5681935515,512205.0821562769,756,Eagle Crag (Borrowdale)
415825.84911876003,457247.0006626204,1549,Thruscross
399368.643902998,405929.74936557584,1102,Den Lane Quarry
331732.29175566725,513701.8134140433,20049,Birk Crag
324894.4706487259,511361.0890908658,761,"Raven Crag, Combe Ghyll"
327373.5638050655,512433.800184694,757,Bleak How
337778.1090968802,510721.55358368123,18949,Heirloom
324685.8651596524,506578.82928988326,348,North Buttress/Cambridge Crag
324622.8651631412,506691.165648861,349,Bowfell Buttress
337585.2967472508,510835.48245454545,481,Dove Crag (Dovedale)
328476.27603159996,508409.7645825426,4139,Bright Beck Crag
412315.5922073575,446332.6052699896,1069,Ilkley (Rocky Valley)
411676.0795016556,439321.4616754501,1201,Gilstead
330567.26891005924,509490.336099545,352,Deer Bield Crag
396260.5271460005,492271.1041167084,25463,Ellerkin Scar
351598.77176306566,512667.91633688495,485,Gouther Crags
322414.585301338,506505.6206494735,724,Esk Buttress (Dow Crag)
412971.5504913948,446668.15840698674,547,Ilkley (Cow and Calf)
337281.35010630207,512286.41755806434,479,Mart Crag
320991.9403262738,506752.6470160488,681,Scafell East Buttress
320991.9403262738,506752.6470160488,680,Scafell Crag
408282.8827912242,423404.1238787808,1241,Woodhouse Scar
327924.65989646246,510421.74419625045,25608,Long Crag (Greenup Gill)
398176.53144616104,407153.89884905436,1411,Rough Knarr
321527.88391782105,507745.0647186097,717,Piers Gill Crag
322054.08563598274,508181.2223233511,718,Round How
316923.4025981021,507715.3714404206,663,Overbeck
313577.30032834684,505662.8446736892,664,"Buckbarrow, Wasdale"
321114.5893472696,510089.4518604382,662,The Napes
321120.37168024114,510423.24554184056,521,Gable Crag
415672.73330401425,463811.14900138276,10876,Crocodile Crag
413222.9796290101,473817.5608330567,1537,Sypeland
325436.35045928904,512799.02258850366,760,Intake Ridge/Glaciated Slab
401091.4715362513,405151.0042108914,943,Pots and Pans Quarries
319964.01268897473,510999.91813630273,520,Boat Howe Crags
416387.5023032845,465260.0670228107,1555,Panorama Crag (Pateley Bridge)
330919.4515292375,515606.0677997839,1623,Thackmell Crags
332288.3280672753,516253.2197950331,444,Swirl Crags
437893.0904539749,451476.9175764434,1629,Crimple Beck Crag
437637.56124011806,442462.1580876247,1873,Hetchell
422440.5874524192,444478.648720528,540,Caley Crags
419484.36162960605,444242.89712001523,9473,West Chevin Boulders
421038.4108307882,463943.5524866388,18766,Bat Buttress
420582.7925376753,463385.182467498,18767,Crow Crag
422458.7310103738,467955.8155796488,544,Eavestone Crag
420706.75839596294,464943.4675201245,538,Brimham Rocks
450730.00105586037,483646.3882707412,1079,Whitestone Cliffe
419970.8339747695,468723.3353775117,1548,Upper Huller Stones (Skell Gill)
460824.7599898653,508696.4262225975,1083,Park Nab
459384.52219242486,509790.3573887851,1086,Captain Cook
413405.4120588462,500967.89819756185,2886,Hagg Wood
403015.27305170556,401814.14430839993,1714,Rob's Rocks
419709.7665995372,389838.3218749627,136,Dovestone Tor
402816.4577154389,401591.5170874305,1335,Wilderness Rocks
427110.1714225736,386203.2382184547,889,Wyming Brook
404410.29583868285,399145.0976750897,121,Tintwistle Knarr Quarry
407733.24769927864,395811.6573048805,3924,Yellowslacks
495772.36455490865,502282.8831809296,10411,Stoupe Brow
407203.39240754023,394920.80415492196,12118,Shelf Benches
420787.53062152286,386616.5288171905,886,Ladybower Quarry
404678.91998453636,395807.72828263225,934,Blackshaw Quarry
498515.06014009565,501561.9132247701,17376,Smugglers Terrace
463198.96866964025,501049.76921155327,8378,Middle Head Crag
453823.4236623083,503267.0192594754,8403,Cringle Crag
455380.65098005446,503285.5830607957,1621,Cold Moor
455895.6519136658,503625.69176464446,1082,Wainstones
456025.41115126613,503627.2773812943,8096,Broughton Bank
456866.082079381,503860.2087475449,17025,Landslip
466172.2803207764,501982.0538040303,8110,Esklets
429567.17774653353,397677.2398446765,85,Wharncliffe Crags
449606.60761542874,410973.6073224124,25089,Craig Galch
471204.2859837565,487255.88790895836,8539,Ravenswick Quarry
415175.0687028233,475937.6069013437,23734,Arnagill Valley
413786.23209793936,482053.04135636764,549,Slipstones
412480.77440392895,482716.961756718,539,Brown Beck Crag
446005.84182838094,499843.4488954897,1088,Beacon Scar
451974.56778049876,500352.3303021918,1467,Scugdale - Barker's Crags
446390.93513692555,500292.44610462873,18386,Scarth Wood Pinnacle
451648.68560480693,500459.9297943951,1081,Scugdale - Scot Crags
471329.9162994256,495938.45110448706,9651,Thorgill
451251.6766944166,501123.16541455744,11852,Snotterdale
457294.28936938895,500749.57700489287,8066,Tranmire
468820.20978607103,498571.0800630505,19594,Kettle Howe
467639.5703262892,499332.5375659341,3452,Round Crag
467048.5848892515,499769.0123149612,19560,Gill Wath
459227.52145926014,501887.0038312691,9716,Botton Head
413265.40247315535,412067.12275733834,1282,Honley Quarry
404007.14245506306,405263.763115339,135,Standing Stones
403676.14931750105,404818.48070165364,122,The Ravenstones
461015.57575889805,513818.21453775954,1089,Highcliffe Nab
405668.23197957897,401482.75283476803,132,Laddow Rocks
407594.117859246,399816.5875529641,928,Crowden Great Quarry
402815.1220357113,403927.8685970832,108,Dovestones Edge
407328.74888859986,399816.17529442,930,Brockholes Quarry
406399.6616809605,400037.35829977086,16067,Black Tor
408127.11692707293,398482.40680968214,933,Rollick Stones
402683.21834984067,402703.99044780707,1648,Charnel Stones
251683.89402445997,350147.83411006967,875,Craig Yr Ogof (Cwm Silyn)
255083.59170625883,349376.116338156,818,Craig Cwm Trwsgl
254266.26498486553,353408.5779367182,12269,Lech Drws Y Coed
254484.1598281745,353958.59655582637,2587,Craig y Bera
255683.49317590395,353699.71795923886,12271,Clogwyn y Garreg
255063.87032453206,355388.2842025984,858,Castell Cidwm
254496.2029206568,341044.52461351047,819,Craig y Gesail (Tremadog)
259774.04648270883,353689.739001903,859,Llechog (Cwm Clogwyn)
255816.53675621218,340225.5728284893,817,Craig y Castell (Tremadog)
260030.2506846374,355574.70683815057,457,Clogwyn Du'r Arddu (Cloggy)
256904.83025528878,340638.41746513074,6,Craig Pant Ifan (Tremadog)
261953.05997177606,350175.6872652077,813,Craig y Llyn
261169.85285144323,343964.46213220747,9436,Craig Nant y Fedw
261567.5227421905,355418.75684607535,696,Clogwyn y Ddysgl
262511.6493692319,353276.55166862323,1214,Lliwedd
261385.8812429186,356091.9206197076,695,Cyrn Las (Gyrn Las)
262218.35089717316,345381.4429881572,2035,Carreg Bengam Bach
260044.50068152286,358357.3159921664,1782,Nant Peris Quarry
261338.2183579466,356761.2162806902,16864,Craig Simdde  Sian
260181.62434177045,358464.6328438967,10096,Craig Y Ddol
261405.17889849018,356759.2794749122,784,Craig Cwm Glas Bach
280243.98797777505,288918.2750701895,19722,Lluest y Graig
319200.2959420773,359664.71510077966,420,Pot Hole Quarry (Three Springs)
319342.3914322568,336184.3340079881,428,Pandy Outcrop
263605.3880904456,356362.2081831218,706,Esgair Maen Gwyn (Scimitar Ridge)
263799.9643092945,356134.04148877726,705,Clogwyn Blaen Coed
264115.8939028926,355457.17624936387,9439,Carreg Gwalch
265201.3902330085,353534.1775573669,811,Clogwyn y Bustach
261479.84977136817,361655.198362667,2751,The Pillar of Elidir
263815.216984694,359027.8554231917,2323,Devils Kitchen (Cwm Idwal) - (Clogwyn y Geifr)
264596.34892158397,358226.4903269858,2156,Clogwyn Du Ymhen Y Glyder
264468.7644952211,358452.73170221713,497,Glyder Fawr crag
264548.28345848026,358895.74906922696,496,Idwal Slabs (aka Cwm Idwal)
264943.59088798246,358661.95263294555,2157,Cwm Cneifion
264812.86403822206,358776.9570151244,12238,Sub Cneifion Rib
265670.4989646275,358307.56423686544,494,Glyder Fach
265102.52464519325,359548.00322137825,495,Clogwyn y Tarw (The Gribin Facet)
267307.1655220447,344793.1380573433,810,Clogwyn y Bustach (Moelwyns)
265063.8218323197,360550.9414782706,525,Craig Braich Ty Du (Arm of the Black House)
267929.6240997935,345443.8746399489,2720,Craig Yr Wrysgan
265774.85101348994,359640.42481363507,493,Clogwyn Bochlwyd
268408.5723843536,345764.67897271994,865,Craig y Clipiau (Moelwyns)
266504.76246843464,359397.38896951,491,Tryfan
266389.54220406443,360068.49261276616,492,Milestone Buttress
267219.32568888925,358598.32294997753,22272,Drws Nodded
269005.337487465,323152.9787230497,2264,Craig y Merched
267608.19445718033,321410.05051641713,19676,Craig y Fotty / Clogau Bontdu
268837.3741442241,321933.16474655404,20931,Craig y Goedwig
282729.15131269,338159.94251440524,10323,Craig Y Hyrddod
283210.4392304508,338593.43926950725,10322,Pen Tyrau
225756.38277594905,375518.2614515528,617,Rhoscolyn
261323.98972468762,316465.3794344732,17422,Barmouth Pinacl
283546.4858746138,338585.30893220636,10321,Daear Fawr
284003.5701436371,338017.81610869704,2712,Simdde Ddu
284065.4380931341,337793.73954009666,17432,Bryn y Dyfrgi
284197.2072131728,337679.2788238832,10305,Y Castell
225104.2977820507,377769.4873701702,8894,Trearddur Bay
277031.3478509993,378037.5814319329,1011,Notice Board Crag
275611.2353760223,317636.56153177196,2142,Tyddyn Garreg
277163.6036169421,383154.36183589214,1572,Tramstation Crag
232438.1930492655,341093.1505486315,17946,Carreg Lefain
231975.645674122,341331.95869867003,18087,Gwylwyr Quarry
265983.4610788542,362306.1572752375,527,Craig Ddaear (Crag of the Earth)
270530.8298191756,354723.1148395594,1916,Carnedd Moel Siabod
269805.5613098786,357636.8340677546,1634,RAC Boulders
266936.5906649969,336232.4508654501,11589,Craig y Gwynt
270611.9233199991,357726.29977399635,12176,Creigiau Llynnau Mymbyr
265609.3805800219,334488.26157723967,19188,Ysgyfarnagod
268716.478207241,361896.4355906687,528,Carreg Mianog
268789.46658072015,362117.05947783234,23338,Booze Fighter's Buttress
261310.9918519032,330157.245415973,19189,Craig y Ffridd
268756.15903299814,363342.4186639593,529,Craig Yr Ogof (Cliff of the Cave)
265354.8595246341,332603.06881672755,19824,Clip
265348.6590524947,332380.6202975065,19825,Craig Swn y Nant
272811.5489457976,344644.477476901,22466,Clogwyn Garw
263817.9288942845,330642.5368965085,2927,Carreg y Saeth
269433.94071437983,363657.803489678,530,Craig Yr Ysfa
265320.75897870027,331379.6027811083,9957,Mur Cyddiedig
265663.51074659475,331592.68275112397,19119,Ysgor y Gwyn
265727.7305979325,331479.5876842375,19118,Mur y Tonnau
266480.4576789451,331903.96795124497,19828,Craig Wion (Central Edge)
263042.78413675824,346025.79433040344,16553,Y Graig Wen
261810.1494917762,356858.904932521,785,Gravestones/ Hidden Wall/ Yr Ochr Wen/ Twll Tin
256666.97749785287,361908.26908926497,24744,Fachwen
262259.6864920941,356178.05242892547,697,Craig y Rhaeadr
262007.824292121,356741.89031291916,786,Clogwyn Llo (aka Cwm Glas Facet)
236825.57078485787,345507.7042115963,10071,Craig Y Cwm
261826.18564531094,357415.03842959506,204,Craig Ddu
262466.97469755297,356394.73735210084,698,Ettws Isaf
259631.36610439274,360261.87662597385,634,Never Never Land
263944.86323823966,351788.58899151965,2589,Craig Penmaen Brith
262087.58875868222,357184.8698713548,202,Clogwyn y Grochan
262023.83692749956,357298.02402022533,17268,BWTRES BACH
259698.2781507343,360259.9151809284,633,Serengeti
259895.75935425353,360142.80990540615,636,Twll Mawr
259373.52062363256,360603.41102958977,9,Dali's Hole
259832.10227927694,360255.995096016,1783,The Lost World/Heaven Walls
262798.6181877459,356273.9150132145,699,Dinas Mot
262160.94226496,357405.39707473747,203,Drws y Gwynt
262419.167902875,357064.0201530907,201,Carreg Wastad
259574.242665669,360597.5184580917,627,California
263509.9251529633,355363.07098166447,703,Clogwyn Gafr (aka Craig Fach)
264423.4938141579,352108.9937506435,3852,Clogwyn y Fulfran (Cormorant Rock)
259781.48143541304,360814.0874706954,10,Australia
262884.6782883671,356939.3603245194,4,Dinas Cromlech
265295.96173081425,330489.8105598749,10315,Y Grisiau
265773.4204664594,330699.1484994748,19116,Y Clawdd
265152.00243854884,330159.89309003064,19127,Carreg y Shrek
265963.0530523943,330248.64740527346,19122,Carreg y Morwynion
274370.3511546562,342600.04870846815,8214,Carreg y Foel Gron
273296.384536973,360437.2541296835,2604,Clogwyn yr Eryr (Crafnant)
266302.77477414487,330350.54913960607,3929,Craig y Groes
265733.2704454429,329253.2363048803,9844,Llechau Mawr
262710.22738789907,327223.1799702515,2242,Gareg-Iwyd
266076.14647778246,329466.34697476827,19117,Min Pistyll
266140.4074575815,329353.2583104685,19123,Tan y Bwrdd
266137.32853337104,329242.03428561083,19124,Y Bwrdd
262906.04148181365,326995.0042755338,2243,Vague Dome
262893.43862300063,326550.1131903483,23360,Ramp Crags
277767.7893475504,359875.76348807866,8629,Craig Bwlch-yr-haearn
264969.02935020707,323597.71330629976,20054,Craig Bodlyn
263666.1117070535,322855.0297348173,19833,Llawlech
280768.8984763004,354012.4370906626,873,Craig Dinas
222436.61287927305,383214.0440704258,670,Breakwater Quarry
221887.13847480522,382789.1140656635,616,Holyhead Mountain
271211.25838500436,312186.2439753594,2510,Craig Cau (Cadair Idris)
221579.15578223573,383468.9014207046,598,Gogarth North Stack and Main Cliff
278049.24063359207,383910.7044923074,21357,Dutchman's Zawn
281206.0305450913,382272.42662099353,3584,Craig y Don
288886.55781036674,377300.81918631465,1009,Castle Inn Quarry
269278.09692628565,305671.00274391694,3472,Bryn Eglwys Quarry
305975.88189659524,326745.4422923491,2632,Craig Rhiwarth
307309.24120170827,329501.5672964863,11174,Pistyll Rhaeadr
280390.6512567668,289359.8443829155,17849,Craig yr Eglwys
340221.2839771612,365586.51480797614,11539,Chester Racecourse Walls
323428.2255893209,347800.7058942981,422,World's End
347577.00810975046,322889.27233826066,1065,Harmer Hill
322396.95660037774,346259.5041069853,424,Twilight Area
321981.74058063014,345487.3503238968,425,Pinfold Area
321976.32419646974,345153.6341518198,1717,Monk's Buttress
321967.29737036687,344597.44089291926,426,Dinbren Crags
321372.4970759067,361520.13574061444,418,Maeshafn
338494.91169400665,319213.50078766927,1064,Nesscliffe
385839.7125608726,357334.1310774165,1608,Mow Cop
390270.8179428725,363775.3758019331,907,Bosley Cloud
400700.5590969951,350415.6292503748,1598,Belmont Hall Crags
400030.44439266267,362764.0169205929,895,The Five Clouds
404217.6936018204,391690.930807484,1568,Wormstones
408878.4533402963,386913.3810526675,940,Kinder Southern Edges
415507.3557426268,373580.00636500603,966,Tideswell Dale
408143.4996910099,388803.3754777753,134,Kinder Scout Downfall Area
416711.22976750234,372694.03620820155,140,Water-cum-Jolly
400364.754623391,362652.77461027616,797,Roaches Upper Tier
400498.49732934765,362430.2873443177,105,Roaches Lower Tier
400297.8666682615,363320.26037996134,798,Roaches Skyline
400832.941841285,361651.5900058306,899,Hen Cloud
400097.31469151704,365322.72735473444,978,Gradbach Hill
403182.4921145112,347746.6729925611,960,Harston Rock (Upper Churnet)
401902.7568815512,362208.1097668762,106,Ramshaw Rocks
401902.17519981356,363765.5835694378,900,Newstones
356985.1068176726,296431.17891562835,1067,Ippikins Rock
404322.49552301446,347970.026385541,1599,Oldridge Pinnacle
405131.4764784098,343965.96959507064,8979,Stoney Dale
404731.6142880601,340961.96170585277,1600,Great Gate Buttress
405199.53904023167,343076.0814845662,21703,Dimmingsdale and Threapwood Woods
408691.1834306374,342747.29711990006,21700,Inaâ€™s and Alton Cliff
409874.83698836324,354986.6207103439,125,Thor's Cave (Manifold Valley)
410680.4305496248,354098.34978567075,142,Beeston Tor (Manifold Valley)
400097.3880247254,385236.5146711462,149,New Mills Torrs
409784.93190294475,366333.7440538944,150,Aldery Cliff
402893.96922610106,382456.0352441847,939,Buxworth Railway Crag
405228.7636664758,378452.9301248457,137,Castle Naze
408505.3530293602,372116.2987654499,959,Cow Dale (Craig-y-Biceps)
409775.25371158734,371117.4510666403,976,Deep Dale
413011.9295066154,358887.69727172574,961,Pike Crag
411172.49898332,373011.7354059579,2651,Great Rocks Dale
399765.2787419747,393691.7252759304,944,Broadbottom Quarry
413241.36107284704,372794.4784309293,965,Blackwell Dale
398902.48277406127,396695.7139643357,151,Hobson Moor Quarry
412834.5065915081,375240.88979564834,997,Peter Dale
452759.9559897439,365167.4508864716,1378,Pleasley Vale
435194.4355769103,345203.613334999,15934,Milford Crag
434194.9515145894,353651.44927503687,2155,The Secret Garden
433401.1056223653,352199.6218715726,923,Shining Cliff
433317.9370268341,354535.3099309255,1317,Duke's Quarry
433382.6002033563,354869.5103985528,919,Robin Hood Quarries
433442.61719264375,355871.1860617025,4032,Leashaw Brow
435338.58220997517,362114.8516788358,22111,Milltown Quarry
434476.443272543,361107.3151770294,10912,Ravensnest Tor
434338.69784339785,361662.59027675184,2140,Cocking Tor
430562.0067524782,356074.5401393495,1243,Bauston Tor
433664.46810677514,362436.58438333625,3757,Bradley Edge and Quarry
429425.80950943,355733.7127444677,97,Black Rocks
428697.8648109398,354283.0724556254,948,Lime Kiln Quarry (Wirksworth)
428758.8682974661,355284.68461579765,951,North East Quarry (Wirksworth)
428431.2574238,354058.9929150825,950,Dale Quarry (Wirksworth)
429673.75457433506,358961.49762797676,119,High Tor
429670.3238132399,359517.73043320194,996,Bend Tor
429868.9720736927,359852.7125637938,1354,Pic Tor
428615.020519707,356952.5785083155,977,Via Gellia Buttress
429660.7164720148,361075.1847746277,21353,Upper Matlock Quarries
426281.125127485,355270.5332606652,1258,Arm Lees Quarry
427974.33974699525,363512.59890621307,957,Hall Moor Quarry
427591.4291654103,371965.52123772464,96,Chatsworth Edge
421886.83367031766,364371.03196092445,1360,Rheinstor
427184.088128329,373186.97117027204,95,Gardoms Edge
455809.0888646418,315025.5897315087,1158,Craig Buddon
453185.1892026924,314106.2366656577,1171,Forest Rock
424897.2374483157,376734.62219462474,22,Froggatt Edge
425490.11994134175,378072.77890442987,892,Tegness Quarries
422168.04461366887,375831.1911922493,138,Stoney Middleton
425549.6353666286,379408.13539867935,110,Yarncliffe Quarry
421500.75917340274,375939.40244087635,954,Stoney West
426607.02335526905,380971.4540524328,1310,Burbage South Quarries
426872.19948819,381195.4456774534,89,Burbage South Edge
424881.611849907,379738.3730177614,91,Lawrencefield
420899.6950145681,376159.2472491374,148,Horseshoe Quarry
417712.47477012477,372586.37317615474,982,Hay Top
424878.13873958786,380405.87505170645,19,Millstone Edge
426005.13992161717,381413.1560724027,893,Carl Wark
417374.82984422176,373697.6495856793,116,Ravensdale
415078.4069930982,382701.26788620953,955,Cave Dale (Castleton)
409072.5624559651,389806.31399704906,133,Kinder Northern Edges
172676.30642299345,227995.65910742286,21062,St. David's Head West
173674.3497926943,228730.24353813345,62,St. David's Head East
175757.15396694758,229082.00112517335,19396,St. David's North
172200.8519740696,225120.62842661084,3302,Porthstinian Area
176152.18796291001,224051.11551162443,69,Caerfai Bay
177400.92620840663,224218.24091098062,8,Carreg-y-Barcud Area
185048.503118674,233686.41156078974,19347,Abercastle Area
176482.61464187107,208217.42253688292,23308,Marloes Peninsula
200934.0805677464,236925.42290959088,8776,Mynydd Dinas
238739.79183361403,260384.10038010438,20365,New Quay
235922.84383647377,257916.20159546973,22246,Castell Bach
292626.6852399089,264818.2398805496,19614,Caban Coch/ Craig Gigfran
272217.8674397251,197866.01623665582,24117,Drumau Road
264314.2482497727,192174.28818190243,20649,Swansea Bay
253794.1528742306,187793.2564615619,15,Three Cliffs Bay
303476.5206036822,207962.7926827001,1033,Cefn Coed
309677.6577630254,214967.64351623767,24339,Trefil quarry - Dyffryn Buttress(Chwar-yr-Hendre)
314613.5713879942,221444.904325996,12209,Buckland Hill
241040.05675974485,188066.34303766198,18361,Rhossili Beach
255025.59429238635,187201.38246827025,10143,Watch House Crag
259196.31303845727,187528.84290942177,1029,Caswell Bay
256055.69560189825,186838.12173448154,8448,High Pennard & The Great Tower
256814.96470803354,186705.30698427273,876,Pennard
243074.19067402062,186555.92094716348,881,Third Sister to Zulu Zawn
211449.2891172706,198323.5779433765,18629,Penally East
276904.38528810826,191406.9438750079,8477,Cwmafan
244155.90643453575,185632.09579783917,18379,Port Eynon
209724.34468106934,198499.66238218435,8982,Penally West
209340.73102145217,197512.00351053494,800,Lydstep Point Area
208579.78017878556,197540.79889317986,802,Lydstep Cavern Bay
208225.4469435239,197331.54676587932,806,Skrinkle Haven
303411.7829594476,208186.54585144232,24332,Cefn Coed Y Cymmer
304754.5605805058,209829.7379279959,1032,Morlais Quarries
362463.7007839499,222970.36432345601,18172,Penyard Park North
360115.67130225623,221876.26567395614,8978,Chase Wood
365200.923637731,220837.1953171696,8278,East Dean Edge
354695.8600396847,216138.4521097755,12424,Leeping Stocks
353384.8244800199,215928.02363468223,8878,The Wyastone
354004.88783399493,215922.2901235881,12423,Dennis Grove
353934.96881769487,215811.70212231932,17941,Celestial walls
354262.1958261312,213917.78591162933,1330,Near Hearkening Rock
364618.0453286012,216280.93935358681,25092,Nailbridge
364792.6655083285,211719.39161536068,1580,Staple Edge Quarry (Ruspidge West Quarry)
359455.4405107226,208311.66028281086,25296,Ellwood
360407.40571003105,206524.42315781105,1583,Hang Hill Quarry
321460.3290775062,214658.04088843765,1048,Llangattock Escarpment (Eastern Edge)
320302.8878408818,215566.2655616186,1047,Llangattock Escarpment (Chwar Pant y Rhiw)
321999.55694456265,213870.91359391413,23517,The Lonely Shepherd Area (Llangattock)
318320.97255671263,216599.38331010257,1046,Llangattock Escarpment (Craig y Castell)
317151.6730688735,216729.82205020764,24486,Llangattock (Craig y Castell Western Extension)
354266.5623670617,199235.52336043888,39,Shorn Cliff
353220.39468152076,198244.08351497672,12115,Black Cliff Quarry
305501.83406985266,194462.7955428352,8230,Ynysybwl
352589.77638862823,197360.1562660485,50,Wynd Cliff
398377.92994715925,226054.6673762516,1133,Castle Rock
394794.64387286577,218493.94181689678,19661,Leckhampton Hill
399684.1506551697,224608.46298725734,14005,Cleeve Hill
350758.1996233391,193929.64885791438,17240,Mounton Valley Rocks
321441.2861897849,195746.99674188648,3258,Tyle y Coch
322105.5879949393,193956.84235270094,1060,Cwmcarn Quarry
313812.97854705754,194759.06553132663,738,Penallta
303540.86641983315,200507.53184719878,8237,Cefnpennar
308027.3452089913,196307.40181714093,734,The Gap
305423.9032664683,197690.5435808667,15908,Penrhiwceiber Quarry
194226.68990441438,193873.4223107475,1469,Mewsford
195117.69920702503,193614.494882104,2806,Blockhouse Buttress
195588.8624206132,193261.32137002988,436,Misty Wall
195588.8624206132,193261.32137002988,437,Rusty Walls
195792.09254228897,193141.74238282617,435,Hollow Caves Bay
196341.54912803555,193008.21464485186,713,Stennis Ford
196540.33198649934,192777.4815137867,712,Newton Head
196752.54089761755,192880.31217579136,711,Chapel Point
197509.78509773413,192738.56688451377,796,St. Govan's East
198324.73230497126,194042.35055492568,12311,Broad Haven
198472.05635732575,194259.1997089677,795,Saddle Bay
198753.386251847,194359.35202346876,794,Raming Hole Area
198891.83453985542,194353.84091797384,793,Gun Cliff
199273.29150353372,195229.56955392967,788,Barafundle Bay to Stackpole Quay
270513.3793626878,149727.56073631754,678,Valley of Rocks
270588.80942648416,149948.19501514436,22231,The Valley of the Rocks (The Yellow Stone)
237423.24710105246,124069.65976421456,18273,Sloo Slabs
229991.94082293674,126646.22551960926,677,Blackchurch
227692.25166959057,127167.68701980589,676,Exmansworthy
283902.5604718442,148739.16855036138,2999,The Ivystone
222779.28735855047,127222.66601367257,2396,Cow and Calf
222767.83898632613,126889.11153748824,18276,Upright Cliff
222616.10938382568,126560.37359876145,675,Smoothlands
222327.89630168004,126347.64856485109,2403,Damehole Point
222511.58704921923,125562.12153179207,674,Dyers Lookout
222473.39057159913,124450.27667032293,1366,Hartland Quay
222403.22104118133,124452.68759077732,673,Screda Point
222372.65570407637,123563.21295586141,672,Spekes Mill Mouth and Brownspear Point
219869.4833364872,104058.1239254229,1976,Upton - Arrowhead Pinnacle area
218688.88890024356,100537.04402996667,9389,Millook
295087.88661054685,189661.82424616656,736,Cwm Dimbath
255134.0835378108,86599.36570459962,1375,Great Links Tor
299189.49961550435,193806.0898371598,8244,Llwynypia
311783.25445104454,173546.31985566218,1024,Wenvoe (Whitehall) Quarry
301901.6216109745,190860.10518466175,1043,Cymmer (Punk Rocks)
258789.7686005348,83161.33784188062,1500,Fur Tor
289919.38593205,149162.67505610033,679,Hurlstone Point
280387.68872967374,177526.0973334639,2459,Box Bay
221411.50792238626,120145.52179634094,2417,Nabor Point
219790.47614098885,113967.94688483197,2435,Oldwalls' Point
219782.7483299848,113745.58219688188,3780,Hippa Rock
219603.45133608216,112638.649206609,691,Lower Sharpnose Point
220003.24370111647,109953.18265481494,2266,Sandymouth
220148.9039490176,108055.77767443631,2437,Maer Cliff (aka Northcott Mouth)
220121.9625209948,107277.50625085877,2438,Crooklets
220024.61016842103,106501.67320395427,317,Compass Point (Bude)
219986.1159114905,105389.85944446237,2439,Lynstone
220041.15448155615,104942.69650406999,690,Upton Slabs
299389.99107719405,196917.2423514417,1044,Ferndale
278380.7357153415,85784.58289878012,20193,Blackingstone Quarry
307034.0079392921,191208.11173020955,739,The Darren
312775.80725544295,182762.38850722602,1023,Taff's Well
353933.9684830294,147074.85753605718,129,Split Rock (Milton Hill Quarry)
357571.01666817645,147710.72756339022,2163,Horrington Hill Quarry
347695.02742046915,158479.40993911016,1577,Rock of Ages (Burrington Combe)
358809.13123839506,145365.05290052266,2164,Dinder Wood
360205.461022652,145242.7951466675,19109,Correges Cumb
360202.8684107345,144909.16590255726,2249,Croscombe Valley Cliffs
361043.79608681396,145236.34878976393,18801,Windsor Hill Quarry
357188.62342582084,160392.865966534,20421,Pylon King's Secret Crag
338609.660617256,156356.08636464417,2031,North Quarry
364763.2990069544,147656.13967085507,2847,Ashwick Grove
350580.5944912169,168571.90874809376,1632,Bourton Combe
369303.4664314237,147849.30056268407,1898,Leigh Quarry
329368.7918079574,158700.10523738991,75,Brean Down
328743.2157527859,158820.0292461606,18937,Brean (Central Crags)
373428.36478771444,148827.11598263067,1972,Mells
328049.55697749933,159052.22094699653,1633,Brean Down (Fort Crags)
332392.7843926753,166000.3357513746,551,Sand Point
356531.84466438106,173188.87566097995,47,Avon Gorge (Suspension Bridge Area)
340893.6017434068,172901.89955557213,1544,Ladye Bay (Clevedon)
356331.0580786746,174080.3794800116,31,Avon Gorge (Main Area)
345708.35959311423,174739.00734211918,42,Portishead Quarry
356126.49879868556,174527.03477713827,29,Avon Gorge (Sea Walls Area)
375731.6236910593,148704.43699282443,1988,Vallis Vale
361833.31077004375,175926.76951089466,19046,Black Rocks (Eastville Park)
356017.48390429316,177975.89523986093,45,Trym Valley Gorge
362810.40785744204,176586.8349422305,1545,Snuff Mills Park
364486.95618806995,178020.6820990616,21515,Grove Bank Buttress
364419.88579655875,178354.81609156035,4199,Ring Road Tower
365534.9815675783,179014.4306261352,9082,Bury Hill West
160579.82584712963,43067.61124701382,18378,Hell's Mouth
143223.2338111202,38754.258364905836,197,Gurnard's Head
143069.7730774974,38538.85245717934,570,Pedn Kei Area
142614.70371609885,38003.81084953557,567,Robins Rocks
141627.52074722497,36826.15291221562,199,Bosigran
141479.3506934651,36721.940731865296,565,Bosigran Ridge Area
141331.17479675685,36617.73249168103,572,Rosemergy Ridge Area
141023.98040140804,36187.02564710961,661,Whirl Pool Buttress
140590.20767371752,36096.750395438576,23382,Rabman Zawn
169858.48566636813,51121.22593547689,314,Carn Gowla
136421.7057072338,34296.10246546636,656,Carn Vellan
136174.39149357314,33639.822597568855,9043,Crowns Mine Cliff
135536.71845459123,32334.38708138917,654,Carn Kenidjack (Kenidjack Cliffs)
173745.11931944377,53626.41811402785,316,Cligga Head
158790.7759868931,27220.59233270203,503,Bashers Harbour
159613.76483161855,26403.76178996,8145,"Trewavas Head, The Island"
160195.8799188876,26600.322614386023,212,Trewavas Head Main Cliff
135706.56773441995,28537.594176512255,665,Aire Point
175683.95568223918,59000.645276767784,18359,Penhale Camp Area
134738.06536619534,26357.22715138139,198,Sennen
140292.67759538672,22630.15958110032,10045,Penberth
140199.4811432431,22189.041695817854,217,Cribba Head
134170.94546145073,25048.3679740706,211,Lands End
139417.52318541624,22338.54108308592,8545,Pednvounder Beach area
139687.58946603688,21991.133989276423,9873,Logan Rock
134704.63835552073,24241.856436165792,515,Pordenack Point
134902.74814956443,23897.749431964825,514,Carn Boel
134484.44561777788,24141.379811073683,12291,Carn Cheer
135937.67381264776,23066.525997307574,8768,Pendower Coves
138382.77132240814,21720.624002088734,8537,St Levans Wall
138525.94569444598,21713.615498452724,506,Pedn-men-an-mere
135921.18787166197,22733.081042614314,512,Zawn Kellys
137810.074395679,21748.696451866475,507,Vessacks
136191.0196460191,22385.488939646937,209,Folly Cove
135910.1976489043,22510.784462801326,210,Carn Barra
136113.94994512876,22277.875983267557,208,Fox Promontory
136180.04184527916,22163.192251826666,17320,Pellitras Point
137083.26630074653,21561.576349913143,508,Porthgwarra Buttress and Hella Point
136372.8519590961,21707.998268656578,207,Carn Guthensbras
136510.54753052478,21589.787519598438,218,Chair Ladder
166051.35326080263,16316.982006511069,313,Predannack Head (Lizard Point)
167239.53937414516,13926.465905463832,19155,The Horse
169509.3265037329,11601.04019012535,312,Coastguard Cliff (Lizard Point)
170819.1096194355,11990.312084175996,19372,Housel Bay Area
171168.13386513782,11752.675849899795,3000,Pen Olver
171670.0795661886,11731.265949831359,311,Bass Point
190815.16220050564,77864.69157720177,2449,Butter Hole
199126.083116463,59615.25354727608,2248,Roche Rock
200215.56999903356,39423.599278759415,8027,Dodman Point
193057.96879095453,80782.0388973779,315,Pentire Point
193429.34795542774,81212.76553365606,3039,Rumps Point
194040.01979085302,80520.6729166838,18348,Com Head
195079.8987144835,79923.21165786634,17717,Lundy Bay
196596.50487878532,80643.53095504595,687,Doyden Point
196896.82155348788,81077.24234777849,688,Kellan Head
205995.44996019383,56797.835037903074,9003,Will Lukes Hat
206312.42996641083,57676.771351296775,15554,Carbeans Rocks and Colcerrow Quarry
206907.41746002014,56430.453366636066,9782,Carmear Rock
206313.15222611002,61573.008902142115,2479,Helman Tor
204447.50887176293,85911.23524819902,18332,Backaways Cove
212569.81744689506,75484.02647746983,9583,Carbilly
205706.74656473685,89315.5202169873,24416,Barras Gug
206134.7748944111,89410.95586225795,25373,Gullastem
253935.78837059566,63822.1801725915,206,The Dewerstone
232804.58745153638,53877.95549721067,1215,Downderry Beach
256306.2881773509,69987.92919744409,1485,Leather Tor
256616.09924245958,73540.03104180281,1138,Foggintor Quarry
237553.33312364397,71646.79590155822,1058,Kit Hill Quarry
254413.7120439704,75937.30097440205,17332,Great Staple Tor
272887.139942098,36631.166440657835,1479,Sharp Tor (Devon coast)
268559.0501668517,72003.70502388393,1077,Luckey Tor (aka Eagle Rock)
269401.1584761963,71648.93618472593,1143,Bench Tor
292616.6882404573,62669.2012231893,1130,Daddyhole Main Cliff
292763.1900048441,62888.68763678195,1128,Meadfoot Quarry
292691.5011225661,66338.45585219166,16114,Petit Tor Point
293515.7632567616,64986.886140343384,285,Anstey's Cove
293520.2617881213,65209.26563763828,10032,Babbacombe
293730.87589607795,65093.774152257014,287,Long Quarry Point
286500.8212020103,78704.95141215346,290,Chudleigh Rocks (North Face)
294214.15220968676,64416.631494408124,1532,Black Head
286710.73518554494,78589.16722538896,1472,Black Crag (Devon)
273228.87041728804,77451.59275064885,292,Bonehill Rocks (Bone Hill)
225435.54146718094,76376.09226355836,2550,Hawk's Tor
224421.76037630514,75742.09455824061,2549,Trewortha Tor
282403.08762329165,66447.0869414118,365,Torbryan Quarry
272825.6939665409,78351.38608844116,1475,Chinkwell Tor
275766.8552506102,76945.8492036139,205,Haytor (aka Hay Tor) and Low Man
275562.37490135507,77284.45102410554,1519,Myrtle Turtle Quarry
275080.0626816699,77852.17731121852,1142,Holwell Quarry
274328.07083917246,78982.67444895496,224,Hound Tor
276728.9445016345,81706.93881663922,1506,Lustleigh Cleave (Harton Chest)
291579.5963478572,57128.66003914803,364,Churston (Sea cliffs and quarries)
292193.0399115428,62789.08977085972,11028,Saddle Point
293704.74344102124,56751.72678582184,1518,Ash Hole
293968.9117445343,55745.31363970577,407,Durl Head
208448.5456074305,90772.8834369652,22340,Grower Quarry
367553.5843582838,68568.6471393643,271,White Hole
367907.39761311014,68455.2688933124,272,Lighthouse Area
367629.28838667495,69346.58892651583,269,Coastguard North
368548.834744615,69007.38858243631,273,Cave Hole
368977.48157068115,69560.84055783591,274,Beeston Cliff
367784.7370633953,71569.66348309926,260,Blacknor North
401158.06730223563,76807.9139222003,253,Fisherman's Ledge
401441.2143631343,76807.97781521248,252,The Promenade
401582.78789313737,76808.01548902324,251,Cattle Troughs
561679.9720069863,221650.53415088734,24456,Dunmow Cutting Bridge
565835.9387157313,221006.9783716217,19093,Little Dunmow Bridge
569053.0205214488,221670.99127481377,15799,Francis bridger
571450.9849251177,222086.3795847196,9789,Disused Railway Bridge Bartholomew
574597.9894667299,222751.62756143726,23994,Broomhills Ind Est
100080.61893396394,932495.2396748597,779,"Uig Sea Cliffs, Lewis"
102730.6229106682,934754.0695696524,10831,Aird Uig Area
104455.42202222749,938871.924114174,19237,"Gallan Head, Truillich Headland"
113328.97404958971,939334.2785210016,10835,Creag Liam
9076.604740483453,899996.302726296,25824,St Kilda
154914.5099999901,962319.6001281929,1323,Ramrageo and Creag Dubh
122485.46123369911,946387.9618365162,1647,Dalbeg Sea Cliffs - Lewis
117228.13379564136,909667.3485048625,11791,Creag Mo
200269.32945631418,932635.5810494284,11087,Stoer Lighthouse Cliffs
201817.20207119483,935345.9688159587,300,Old Man of Stoer
197695.82108369176,917931.6702792528,455,Reiff - Rubha Coigach
196521.7785491038,915760.8631164902,1960,Reiff - An Stiuir
196512.3482070154,914422.8617712441,303,Reiff - Roinn a'Mhill
196831.90404359694,913737.2765894831,3702,Reiff - Mechanics Geo
196927.08549289932,913286.2567131972,2128,Reiff - Stone Pig Cliffs
205846.20499710788,925219.8200429655,11083,Achmelvich Campsite Crags
205652.21718875086,923667.9875221385,17982,Creag Rodha Mor
214686.59420522783,946540.8256290741,11104,Solitude Slab
116321.76819122129,893531.5870975385,22519,Creag Aisnig
183792.31032711614,892335.6323042137,8965,Mellon Cliffs
207642.96512368164,914872.2643913896,10388,Inbhirpollaidh Rock Gym
217954.12340915506,960103.7351385218,335,Sheigra Sea Cliffs
218646.60458937983,961186.6597506816,17181,Cnoc an Staca
257808.35319263756,948756.126407994,11022,Ben Loyal
238230.8900656322,950740.3926767646,336,Creag Shomhairle
265898.7420233758,964629.4285665175,11010,Neave Island
226820.98221365758,953345.8692092854,11031,Creag Garbh Mhor
226235.10521265562,949358.0050624278,11061,Red Castle Crag
225886.3162213454,952049.3328635853,11030,Rhiconich Crag
225790.31531640148,953837.5221613548,11032,Creag an Fhithich
237807.38028862368,971492.6252423073,11015,Faraid Head
223879.93496515686,950354.9541176343,19911,Mail Box Crag
272637.08820117067,964069.4559386987,20684,The Tiger
222957.3918561232,951957.4672376316,19225,The Balcony
223406.67534412665,956731.7044209905,9869,School Crag
213796.4165109001,908780.7972636987,1584,Cul Beag West face
210747.55453240813,910597.2211779213,299,Stac Pollaidh
212884.92369677773,908265.9885922128,12091,"Red Slab, Cul Beag"
213197.68253281037,899776.8525198363,9746,Evening Wall (Keanchulish Inland Crags)
210287.42161391012,900917.6128493465,11229,Camas Mor
211229.73079804113,899534.8482425053,11224,The Otter's Holt
211666.3136790855,898733.6884226014,298,Ardmair Crags
214732.84558947865,895802.793695002,11216,Creag nam Broc
209665.92826861833,897824.8750320397,450,Rhue Sea Cliffs
221571.22955847715,957483.9436585552,11073,Red Slab
229516.3864202664,973519.148483779,24804,Clo Mor
337315.10330811446,949242.5534253865,11202,South Head of Wick
334274.0039071339,942053.6449884985,2960,Sarclet
332729.9385027086,940743.3871334993,24670,Ellens Geo
328841.16335852095,936134.4058350779,11203,Mid Clyth
317353.82495624316,999289.0063038755,339,Rora Head
317504.91068113915,1000956.5684777442,281,(Old Man of) Hoy
318416.5983613717,1003164.8710313081,3034,St Johns Head
73219.00052763056,876797.1922541958,8919,Griminish Point
77450.42237337312,814733.4935284314,11858,Leac Shleamhuinn
62096.03109755099,798852.5041701576,22028,Barra
62026.25798688561,798746.3548565769,16726,Breaker Wall
97939.6777948272,872521.7600921507,9530,Lec Na Hoe Point
60370.29328640172,789710.3281791313,25823,Lingeigh (Lingay)
64588.157799208944,790374.0490550137,11182,Sandray
112949.75939701736,847518.1476077393,686,Neist
59379.06828996749,787330.8360623695,3512,Pabbay
56019.82541413815,783021.3224462958,10284,Mingulay
119920.04969789798,851612.1320399122,17760,Husabost
55101.182740464574,780077.137861227,11181,Berneray
160537.8784618399,852029.8029472479,17796,Sgurr nan Gall
158660.51280882038,842654.721927383,21487,Screapadal Path Boulders Raasay
150807.84021257266,865786.666592201,685,"Kilt Rock, Staffin"
150722.76647026752,866350.0413828061,9962,Elishadder Wall
134406.87547691428,855999.4270644117,17753,Greshornish
149320.67801544612,867887.9318329697,9038,Staffin Slips
148394.48448024635,827536.8754062954,11882,Nead na h-Iolaire
147990.71748790264,825887.3823780791,2654,Low Crag
146563.3109304744,825305.6383520346,2739,Am Basteir
145188.85034320503,824609.4372124019,2625,Sgurr An Fheadain
144577.0277106994,823531.2167253159,8501,Sgurr a'Mhadaidh
202287.4646196469,874428.9028712042,9168,A'Mhaighdean (Stac A' Chaorruinn)
195760.5311112292,889253.7437067834,12035,Dog Crag
195433.00827352636,889828.1205462985,2611,Gruinard Bay
196127.75393733883,889458.1230488629,18095,Lochan Dubh Crag
195681.58817237557,890038.5136924394,8844,Gruinard Crag
195515.02030216844,890270.0794899598,12136,Road Crag
199406.80149313688,886058.4178379987,2861,Carn Goraig
196509.06968374812,891111.7595929018,9275,Goat Crag
174333.01452922868,792224.5585014335,11368,Creag Mhor Bhrinicoire
196108.3729192322,892582.0865028292,2366,Jetty Crag
196706.7084872215,892663.2027101212,10153,Mungasdale
146258.09772259768,784695.5595017402,9902,An Sgurr
186777.90816365145,878008.4775674962,775,Tollie Crag
187914.9217264866,876944.4812689502,776,Loch Maree Crag
191529.6557081583,827346.2511903091,9047,Biod an fhithich
125205.87958846416,805463.7300731147,20114,"The Fortress, Canna"
198086.51553084727,877536.9082354303,777,Carnmore Crag
203196.1903683619,866132.2349716538,2044,Beinn a' Mhuinidh
145386.79554188202,822922.7570211147,16397,Coir' Uisg Buttress
141171.73867056606,876217.3544671703,16395,Rubha Hunish
144988.5349654587,821384.7189153417,707,Sgurr Mhic Coinnich (East Face)
144807.52772029064,821395.9650272576,11902,Bealach Buttress
177891.45325377953,840892.10376952,3172,Meall Gorm
145128.13560646804,820706.2974902974,11895,Thearlaich-Dubh Buttress
178996.24594717612,841278.2997749917,772,Sgurr a'Chaorachain
144376.3077705121,820306.5163630083,780,Sron na Ciche
179399.68802402433,858659.4618425814,11351,Crofter's Crag (Diabaig)
180302.89430330967,859837.5396608993,773,Diabaig
179375.32433195403,871378.8484820006,2799,Fruity Crag
186399.80625105984,852707.2295638246,11663,Creag na Speiraig
151477.47316639926,812504.5296984683,3202,Suidhe Biorach
188020.82525543598,857307.0305352961,11669,Hairpin Crag
189916.89866304668,856873.7230578155,10402,Creag Nam Leumnach
186745.93681651904,871763.4056186104,2368,Stone Valley Crags
192474.05669249632,855292.1147847389,3915,Seana Mheallan
182613.88718347697,878231.2069627637,11264,Creag Bhadan an Aisc
184618.53994240763,877788.7772019639,2839,Loch Tollaidh Crags
193606.80463072011,858691.7911122546,25531,Coire Dubh Beag
194587.98629780798,860314.8809625296,774,Beinn Eighe
249397.2034580964,855009.0651903162,3457,Moy Rock (Dingwall)
237508.84028200424,855802.3075051181,452,Aspen Crag
237475.80369206844,856472.3571358968,3455,"Scoop Crag, Strathconon"
238383.89058913305,858219.305743244,332,Glenmarksie Crag
236607.34761335718,855727.0758621527,451,Meig Crag
260091.79834054437,831562.2747808137,1593,Ashie Fort
264926.12636615225,832068.1680446718,2705,Pinnacle Crag
264309.9103195359,831642.9310356266,388,Duntelchaig
224570.38168501933,854446.3594174753,453,Creag Ghlas
262957.87836916343,827231.5186531054,1592,Stac Gorm
266278.64872683,829238.4783328618,1899,Brin Rock
288375.0252396659,813316.7096255887,11375,Burnside Crag
284329.27158889663,809195.8990836963,10250,Creag A Mhuillin
274900.96626629715,801673.9022717695,390,Kingussie Crag
302498.9771459274,832669.8303455339,391,Huntly's Cave
267313.0076412754,795783.6397022612,37,"Creag Dubh, Newtonmore"
282646.44613518554,803228.7120358532,389,Farletter Crag
246903.76154073636,782671.4561729629,43,Binnein Shuas crag
298272.4945469085,802814.0251328673,74,Coire an Lochain (Cairngorm)
301385.4090777226,803740.769110326,11501,Saddle Slabs
299580.6256715879,801779.6876769683,28,Hell's Lum
301427.3539138205,802960.2070909872,3104,Stac An Fharaidh
300115.10236421286,801321.2571911318,32,Shelterstone Crag
317593.62663961714,870756.8545686852,4047,Covesea
352775.1672194014,868186.7996742204,1889,Logie Head
372124.0083444159,864889.0359847726,19005,Tarlair
368213.88423240563,822389.1484911788,2517,Bennachie - Mither Tap
390199.3946416981,865583.6492361933,1914,Rosehearty
342158.9343631903,799961.5070149442,16580,Vat Burn
316741.8427192889,805183.9530963151,18136,Meall Gaineimh
404371.704966916,828835.5226922841,2247,Smuggler's Cliff
314052.99728674354,804014.2189847265,19399,Clach Bun Rudhtair
404672.5960462081,828835.8465423726,1374,The Graip
407615.20452368003,832179.9417276437,9400,Silkies Cliff
407914.78831198683,832737.130836487,2998,"Carriage Crag, Wagon Wall"
407974.9092133939,832737.2459494997,19649,Tangerine Point
410549.5838949868,836862.0802358345,187,Fulmar Wall
410728.89659089164,837196.5225517098,2246,Harper's Wall
410788.95195746253,837196.6791048973,10635,The Outpost
411145.67369428196,838533.5500906291,10952,Rob's Butt
411087.43343861593,837865.4313747965,23165,Robie's Haven
411325.16919950175,838756.6932731618,16077,Perdonlie Inlet
411207.8270100151,837754.4298508092,9399,Arthur Fowlie
311084.3787977026,801181.8536139629,77,Garbh Choire of Beinn a'Bhuird
411445.5431366067,838645.6986405087,20197,Hellgate
411624.07530475105,839202.8338449042,3201,Long Haven Quarries
391905.1933857927,793663.6645143888,1642,Craig Stirling
391540.5676712368,793441.7635997041,1922,"Harbour Wall, Newtonhill"
391783.5812422157,793552.5876059211,2322,Rotter's Rock
391418.70573102095,793219.3783645971,1890,Boltsheugh
391174.9427761751,792774.6188226079,25952,Murray Heugh
390688.27275741484,792330.4187988249,9703,"Yellow Crag, Clochindare"
391174.46273847966,792551.9809413233,21770,Brown Band Crag
391113.752249963,792552.1122844056,9355,Johns heugh
391113.752249963,792552.1122844056,1895,Brown Crag
390688.01970947074,792219.099937481,4181,Drab Crag
411328.2271221227,837643.4318879416,16964,Petrie's Hole
411564.9865400236,838868.6861918498,9495,Red Wall Quarry
412103.30086478597,839538.1954623985,24446,The Little Red Tower
412103.30086478597,839538.1954623985,8655,The Red Tower Area
412222.6819450403,839761.2026187307,16080,The Warlord Cliff
412222.6819450403,839761.2026187307,9458,The Round Tower
322511.33986547927,793157.2644170849,8837,Alltcailleach Quarry
412700.0750267178,840653.2670389239,2231,Meackie Point
413177.25810113084,841545.388714123,2871,Promontory Wall
413356.87080283155,841657.2958829816,20964,Rownies Sclate
309300.3922683946,799995.7132234005,9808,Coire nan Clach (Beinn a' Bhuird)
361612.6892750313,786598.2060029834,78,Clach na Beinn
309814.2839116311,798536.812649244,2505,Coire na Ciche (Beinn a' Bhuird)
396890.02511897584,803786.9191935826,167,Black Dyke Area
396889.938212343,803675.5983436174,1973,Bridge of One Hair
396829.30219718686,803564.3252243318,3070,North Doonies Yawn
396829.12512545026,803341.683615239,1975,Dead McIvor Gulch
396465.5159265359,803008.0262744447,1977,Long Slough Red Rocks
396526.07319192245,803007.973232315,169,The Long Slough
396525.87981405854,802785.331809808,9321,Inlets of the Red Rocks
396525.58975555096,802451.3698100698,170,The Humpback
396343.6903308219,802228.8903731823,18027,Seal's Hole
395737.29617534956,801561.5641984513,21782,Bunstane Wall
396100.98319189926,801783.8362947217,172,Souter Head
395372.42106518114,800337.4408954423,179,South Cove
395129.2303725042,799669.8046101285,10808,Hareness
302430.6597529106,801822.720348868,10319,"The Great Barn, Beinn Mheadhoin"
394704.2591027686,799113.737111144,181,Clashrodney
394520.6105073427,797778.1393772407,11682,Red Band Cliff
394399.1889681138,797666.9852093586,185,Boglesheugh
394520.4600548818,797666.8195318592,12015,The Rockband Cliff
394338.3980828423,797555.7495568956,9023,Findon Ness (The Grey Wall)
394338.3980828423,797555.7495568956,9022,Findon Ness South
394277.4469685203,797333.1950267087,19666,Storm Wall
394095.20195280726,797110.8160354181,21778,Pow Kebbuck
393669.82978802547,796554.8566104786,1891,Peel Slough
324621.96732969454,785658.2026621467,24,Lochnagar
393426.1437643542,795887.3238486825,23387,"Portlethen Boulders, Octopus Inlet"
392818.155127238,795109.1117832937,10043,The Knaps
392513.9731882799,794664.3798322808,8738,Clashfarquhar
392696.2111271402,794775.3692192904,186,Berrymuir Head
301592.72580703127,799726.6710458517,33,Creag a'choire Etchachan
392087.9227850267,793997.2653464887,1896,Floors Craig
391966.3252986461,793886.1830351286,19490,Cranhill Crag
391419.17276161566,793442.0164765418,1892,Dyke's Cliff
117106.0544581518,758545.7796019734,20042,Hogh
145622.5333072912,764198.1163596438,557,"Beinn na Seilg, Ardnamurchan"
146198.01412284462,769631.9180028137,3840,Achnaha Buttress
146082.31175027732,770755.0243865852,11544,Rubha Carrach
131490.3249526358,725338.7402166723,10526,Kintra
141244.84635483965,718594.5165096003,16268,Scoor
169975.33815178977,780638.6528336409,23478,"Lizard Crag, Ardnish"
125223.6019301783,722390.6446245853,11705,Aoineadh nan Struth
128939.29973769945,719361.0967199871,10387,Erraid Crags
178269.29115780006,684831.8448976954,578,"Creag nam Fitheach, Knapdale"
214363.79295834567,754234.0630005689,534,Bidean nam Bian
214837.02513640674,755216.3786157133,533,Stob Coire nan Lochan
215243.8935653317,756090.1893803057,531,"Aonach Dubh, North Face"
215719.39327610904,755734.885924662,476,"Aonach Dubh, East Face"
214666.65008565373,769380.5210434911,808,"Buzzard Crag, Glen Nevis"
215008.47526041034,768808.0195297474,807,"Polldubh Crags, Glen Nevis"
217535.04771942444,756547.2744237422,561,"The Bendy, Glencoe"
217826.8684429348,756200.2070481663,8882,Creag Doire-Bheith
217954.2277981931,756306.1432562133,560,"Allt Doire-Bheith, Glencoe"
215976.01358264225,768542.3627390949,23248,Whale Rock Gorge Area
216286.33927560024,768640.1779181339,809,"Whale Rock, Glen Nevis"
217192.89058716787,768377.4905199853,10065,"Car Park Crag, Glen Nevis"
216647.91909719384,771299.5299389521,16877,Ben Nevis
217349.11085753326,769150.9261550338,3761,"Steall Gorge Crags, Glen Nevis"
217588.56488084103,769028.999296857,9350,"Steall Meadows Crags, Glen Nevis"
190492.81553849953,762159.3909195738,554,"Garbh Bheinn, South Wall"
177715.88253170843,782560.5769677819,21076,Glen Shian
186749.42607934884,781307.0637785969,21103,Dome Buttress
187297.6079519263,781279.0108275119,9353,"The Railway Buttresses, The Glenfinnan Area"
138516.8813383789,698337.3672412545,20410,Uragaig
203054.6837822655,759320.2195488687,10060,Stac An Eich
209804.85584851867,744405.3376039776,535,Beinn Trilleachan (Etive Slabs)
258232.35298253995,726122.4625222811,395,Glen Ogle Sport Crags
222605.89587516064,754546.5733158819,387,Buachaille Etive Mor
221526.33610920663,755149.6021100237,402,Creag A'Bhancair
248196.33687008498,720119.6254836406,11385,Creag Nan Seichean
273576.371029672,727084.993630293,398,"Glen Lednock, Balnacoul Castle"
283959.8808591274,749952.963787991,394,Weem Crags
275235.12559641665,726813.0673905796,2726,"Glen Lednock, Creag na h-Iolaire"
219770.92289677807,771386.4825715293,650,Aonach Beag
277205.98180961463,692230.1177929974,162,Cambusbarron Quarry (aka Thorntons Quarry)
277137.4208164534,692009.3443444349,1197,Cambusbarron West Quarry (aka Fourth Quarry)
276189.7485118507,689363.7349589297,161,North Third
203454.22750588323,701442.8188699791,586,Dun Leacainn
255746.04972164144,681536.4382356885,194,Slackdhu
296288.37836081185,699075.1438421033,3249,Dollar Quarry
233712.52380244862,713641.904955818,11961,Creagan Tom Dubh
250253.35635948603,708237.6263266332,227,Ben A'an
289312.3541890448,731656.0238799286,23285,Sma' Glen - Newton Spur Crags
230693.6324909926,709415.0166919718,589,"Sub Station Crag, Loch Sloy"
225955.56635019984,705816.8722882958,594,The Cobbler
300896.28722352965,749742.2568466909,1941,Creag na h-Eighe
301048.7070605179,743168.6835121711,35,Polney Crag (Craig a Barns)
225715.09141035145,704489.4195566707,593,Glen Croe
301804.141121117,743930.4870079022,36,"Dunkeld, Cave Crag"
302384.04120310134,750375.5709188872,24653,Loch Ordie Crag
224477.35753592147,703091.383647336,601,The Brack
326520.68633622007,779500.3310966626,11534,Juanjorge
326316.5324656607,781730.782651787,11517,Diamond Slab
323409.0093635252,782562.7623766047,23,Creag an Dubh Loch
315518.5571348812,697872.6280198138,158,Benarty Hill
158971.5247926353,607566.2543039946,581,"Campsite Crag, Mull of Kintyre"
159479.03192538914,607538.5745966531,11827,"Port Crag, Mull of Kintyre"
195961.00734229098,641148.8405129211,278,Beinn Tarsuinn crag
197302.55347901292,642869.8474814878,301,Cir Mhor (South Face)
200001.20485078884,643971.3931228765,307,Cioch na-h-oighe
136132.26498435816,600280.7994483443,17029,Fair Head
134011.78741855716,598957.1369754362,1191,"Marconi's Cove, Fairhead"
247411.04455364362,655756.3645622653,225,Neilston Quarry
251026.30256546618,625444.3320087766,229,Mauchline Gorge
221979.22863901887,660513.5595219621,228,The Quadrocks
257594.0532953605,678912.9392120425,190,Dunglas
271902.2005821689,677127.1876004855,226,Auchinstarry Quarry
263116.0547070685,605560.6925306984,230,Glen Afton
214407.6850546945,687244.574164583,585,Creag Liath
246094.04410944151,587185.6577356738,231,Mullwharchar crag
246268.0638672907,584840.57075786,233,Dungeon of Buchan
312798.08124555874,670872.8874007198,12,Ratho Quarry
307011.21399539383,683686.2107216491,1319,Limekilns
246411.6577112829,581605.4975619231,11983,Snibe Hill
242066.50192354314,581534.7921947772,3961,Buchan West Crag
313370.11078383867,680658.652340452,156,North Queensferry Quarry
312491.5747566785,683459.7974227141,157,Rosyth Quarry
327985.28488808346,663245.5541504702,155,Roslin Glen
358207.72058387403,674535.0638344942,13,Traprain Law
358128.6879558596,620665.1402686301,11460,Fatlips Crag
327521.9946368956,672938.2757437301,13673,Arthur's Seat
327022.3545711627,672946.702835784,16,Salisbury Crags (Edinburgh)
320308.130217099,674735.4681637732,10281,Barnton Quarry (The Compound)
383913.457018206,670243.9120656372,164,Midden Crag (Fastcastle)
387101.1276946494,670455.7398526374,166,The Brander (Fastcastle)
393806.085924138,640279.2711432707,823,Berryhill
313779.8869620883,682431.7559693233,10926,Inverkeithing Quarry
389798.5488490795,621812.2165769456,9931,Bizzle crags
397705.5021908563,637047.8495321245,832,Goats Crag
404126.29865141533,639274.9075572705,837,Kyloe Crag (Kyloe Out)
406526.2204258598,633601.7829071716,822,Back Bowden Doors
406969.09379886865,632489.5206373278,824,Bowden Doors
392231.89971346146,604445.915165262,830,Drake Stone
409083.50391781784,615688.2464984806,11008,Titlington Mount
406498.51218881604,609228.922922185,10890,Callaly
396794.005144077,597206.4188981549,846,Sandy Crag
423380.4589639057,604388.8372609414,836,Jack Rock
412832.86050648004,610132.9547857539,827,Corby's Crag
407515.5910453916,607338.5934343198,826,Coe Crag
402511.97877694445,598652.5590309799,849,Simonside North Face
401305.0500671453,598763.3575998243,844,Ravensheugh Crag
153641.01003681717,562799.2219353004,1194,Ballygalley Head
204433.36865110396,574225.4411350577,11996,Finnart's Point
208584.18440468243,536270.4386492304,238,Laggantalluch
209005.76838260802,534024.0929353357,239,Crammag Head
139856.421269755,485382.2738111416,1166,Spellack
140809.20931461864,484882.3245696144,1189,Slievenaglogh Buttress
144156.18624442638,483914.2114956103,1163,Eagle Rocks
139591.61227841227,484170.3401794876,1153,Bearnagh Slabs
139768.36688356134,483825.72393347207,1151,Slieve Bearnagh
142482.4083898898,483226.8782219732,1155,Slieve Beg
132849.56651262793,484110.75555927027,1160,Hen Mountain
142140.5637480777,481796.09911187843,1156,Lower Cove
139512.11465741057,481609.46556995297,1162,Ben Crom
140819.66641282308,480420.3230200333,1149,Blue Lough Buttress
140356.57959113654,480334.870393379,10521,Binnian Lough Crag
141127.2206007947,480068.42412743554,1157,Douglas Crag
139998.896451193,479797.3665100171,8672,Binnian Jabberwock Tor
245868.72779024317,533954.2790357838,235,Burrow Head
265246.79360050266,543245.5868260245,234,Meikle Ross
226802.5893390664,550129.0986690164,3724,Garheugh Point
289091.07093604305,554730.7105892912,9050,Sandyhills
290882.91718182404,557136.0438961552,49,Clifton Crag
350532.25215281325,545286.1752704653,1259,Armathwaite
353081.94104769436,530791.6079549645,1304,Cowraik Quarry
367594.76060844195,566497.4534742286,1038,Walltown Quarry
367342.9062185282,567055.7238365262,1036,The Tipalt
341467.27642738644,520465.91683415975,483,Gowbarrow Crag
376559.92946632585,567887.9913602127,828,Crag Lough
332306.64432347054,521817.59060784907,442,Sandbed Ghyll Crags
332275.09146002703,519703.4910223965,443,Castle Rock of Triermain
330864.60906792496,520503.81584993587,17861,Yew Crag (Thirlmere)
373738.38396617665,522723.4434321433,20842,Murton Scar
327644.9846231312,521333.08659640315,740,Walla Crag
329682.10805492953,519297.74866129644,446,Iron Crag
316397.8339922498,514403.05243231147,8930,Raven Crag (Highstile)
317071.3332189554,512275.9996091677,519,Pillar Rock
385192.79724709946,586324.1519809389,825,Callerhues
412175.51962903875,548256.7139008695,17096,Knitsley
405389.6913962432,582407.256790031,856,Shaftoe Crags
404363.5650748062,588749.4276665433,845,Rothley Crag
399717.04519925325,598540.6404833822,12320,Lower Tosson
420428.02406446286,555964.8033412626,1040,Causey Quarry
321511.4995968654,514311.9192473452,376,Honister Crag
320930.86225332296,514433.2767926551,377,Moss Crags
317306.0727790864,514497.74792045716,380,Eagle Crag (Buttermere)
324402.2135691771,516822.770993053,8713,Knitting How
324526.05752100237,516486.82115816313,767,"Goat Crags, Borrowdale"
324653.6105288011,516373.40745521046,2466,Steel Knotts(Borrowdale)
324969.76553959097,515922.98977835,764,Castle Crag
323218.92179669626,515729.6367109477,431,Miners Crag
378684.76740731625,516688.48906771396,9813,Helbeck Wood Crag
322569.9278205015,515629.34839074675,440,Dale Head Crag
379524.7557485812,516462.05939811876,9814,Brough Scar
322288.26326446666,514298.5786848258,375,Buckstone How
391819.2554644535,587308.4227276712,831,East Woodburn
409797.12565601047,548918.6491922956,1041,Howns Gill Quarry
315565.35063946433,511413.27609186596,517,Haskett  Buttress
393212.35805336386,582186.9126795194,2122,Curtis Crag
392004.01712350984,583858.2277954771,852,Aid Crag
393278.1664432662,583522.2321076636,833,Great Wanney
330514.15251967765,518728.465899069,445,"Raven Crag, Thirlmere"
327178.2911077719,520450.18551837804,22254,Upper Falcon Crag
327178.2911077719,520450.18551837804,741,Lower Falcon Crag
328710.4853768354,519201.6094427557,16634,Paper Crag
326697.0504467436,518677.1953964095,746,Gowder Crag
326370.10418022005,518459.893212465,747,Shepherds Crag
327390.6056749236,517553.0960728701,742,Reecastle Crag
327000.71674779186,517448.04999943206,744,Caffell Side Crag
325904.702856397,517688.3890431726,749,Grange Crags (Car Park Crag)
326413.1446935983,517123.64321176265,748,Black Crag (Borrowdale)
325500.1917669251,516693.3378496397,751,Quayfoot Buttress
325625.94111549464,516468.68510957004,753,Bowderstone Crag
474644.4866340482,519808.2504437397,20547,Boulby Cliffs
484439.0116790327,514748.1619713699,20055,Maiden's Bluff
394433.43244420993,1138611.379981135,11783,Mucklabrek
447049.29714776855,1138572.9011308402,11769,Ness of Sound
451846.16802190256,1137300.7143565782,21039,Round Point
429976.0729997977,1140399.12297036,9452,Spoot Hellier
429932.7403028166,1166016.255524514,24307,Mutiny Wall - West Ness
429275.5007255615,1165454.0122102695,23844,Big Geo of Stromness
429882.4687851148,1172141.8973731974,10495,Nibon
441567.7549994491,1117010.3848468254,20767,Fogla Taing
440965.31562377565,1115889.8946302026,24308,Longi Wall
429587.82468136714,1181272.9683100984,3429,Ronas Voe
420488.29590294877,1178425.6733035177,415,Eshaness Lighthouse
421191.00469410175,1180434.5731883838,414,The Grind of Navir
322013.33985453966,1015676.7481697742,2961,Yesnaby
321779.14759835287,1015458.7514881378,4147,Castle of Yesnaby
