crag_id,2008,2009,2010,2011,2012,2013,2014,2015,2016,2017,2018,latitude,longitude,name,num_climbs,region,rock_type,x,y,num_winter_climbs
16,0.0,0.0,2.8947368421052633,5.7894736842105265,0.0,0.0,0.0,0.0,0.0,0.0,2.3157894736842106,55.944,-3.17,Salisbury Crags (Edinburgh),124,Midlothian,Dolerite,327022.3545711627,672946.702835784,2
23,0.9361702127659575,0.0,2.4574468085106385,1.2872340425531916,0.0,0.9361702127659575,1.872340425531915,0.9361702127659575,1.6382978723404256,0.11702127659574468,0.8191489361702128,56.928,-3.26,Creag an Dubh Loch,100,Aberdeenshire,Granite,323409.0093635252,782562.7623766047,31
24,0.845414847161572,0.8934497816593886,0.9799126637554585,1.1816593886462883,1.4122270742358078,0.8550218340611353,0.634061135371179,1.450655021834061,0.7973799126637554,0.6148471615720524,1.3353711790393012,56.956,-3.241,Lochnagar,163,Aberdeenshire,Granite,324621.96732969454,785658.2026621467,139
25,0.5240436181623167,0.8081873435824097,0.975330711476582,1.331247765462996,0.9910618519842689,1.139524490525563,0.9704147300679299,1.0913478727207722,1.1965498748659278,0.7373972112978191,1.2348945298534144,57.109,-3.661,Coire an t-Sneachda,201,Invernesshire,Granite,299494.6952892279,803229.5533173486,146
28,0.2268041237113402,1.436426116838488,0.8316151202749141,1.5498281786941581,1.436426116838488,1.0962199312714778,0.9450171821305843,1.020618556701031,0.3402061855670103,0.6804123711340206,1.436426116838488,57.096,-3.659,Hell's Lum,99,Moray,Granite,299580.6256715879,801779.6876769683,28
32,0.3859649122807018,1.0614035087719298,1.736842105263158,1.1578947368421053,1.4473684210526316,1.1578947368421053,0.2894736842105263,1.8333333333333335,0.6754385964912281,0.0,1.2543859649122808,57.092,-3.65,Shelterstone Crag,74,Moray,Granite,300115.10236421286,801321.2571911318,29
33,0.5238095238095238,0.5238095238095238,0.0,1.0476190476190477,0.0,2.0952380952380953,1.0476190476190477,1.5714285714285714,0.0,0.5238095238095238,3.6666666666666665,57.078,-3.625,Creag a'choire Etchachan,90,Aberdeenshire,Granite,301592.72580703127,799726.6710458517,38
34,1.8333333333333335,0.3666666666666667,0.7333333333333334,1.4666666666666668,0.3666666666666667,1.4666666666666668,2.2,1.1,0.3666666666666667,0.7333333333333334,0.3666666666666667,57.072,-3.645,Coire Sputan Dearg,118,Aberdeenshire,Granite,300364.3764607401,799087.9138939386,59
37,0.0,0.0,7.15,1.8333333333333335,0.0,0.55,0.0,0.0,0.0,0.0,1.4666666666666668,57.034,-4.188,"Creag Dubh, Newtonmore",203,Highland,Schist,267313.0076412754,795783.6397022612,7
71,0.20853080568720378,0.4691943127962085,3.1279620853080567,1.772511848341232,0.5213270142180094,0.9905213270142179,0.20853080568720378,0.8341232227488151,0.36492890995260663,0.36492890995260663,2.1374407582938386,56.861,-3.238,"Coire Fee, Glen Clova",43,Angus,Schist,324612.92610925005,775080.7736916034,35
72,0.6209677419354839,0.532258064516129,1.064516129032258,1.064516129032258,0.6209677419354839,1.7741935483870968,0.3548387096774193,1.1532258064516128,1.1532258064516128,0.7096774193548386,1.9516129032258063,56.857,-3.185,"Winter Corrie, Driesh",30,Angus,Schist,327836.65016390185,774578.3127006494,29
74,0.8804960541149943,0.8618940248027057,0.6882750845546787,1.302142051860203,1.5377677564825254,0.9859075535512964,0.5580608793686583,0.8742953776775648,0.979706877113867,1.2463359639233371,1.085118376550169,57.105,-3.681,Coire an Lochain (Cairngorm),128,Invernesshire,Granite,298272.4945469085,802814.0251328673,103
77,0.8461538461538461,0.0,1.2692307692307692,2.1153846153846154,0.8461538461538461,0.4230769230769231,0.4230769230769231,0.4230769230769231,0.4230769230769231,2.5384615384615383,1.6923076923076923,57.093,-3.469,Garbh Choire of Beinn a'Bhuird,62,Aberdeenshire,Granite,311084.3787977026,801181.8536139629,37
78,0.0,0.8799999999999999,2.6399999999999997,0.0,0.0,0.0,0.0,1.3199999999999998,1.3199999999999998,0.0,4.84,56.969,-2.633,Clach na Beinn,64,Aberdeenshire,Granite,361612.6892750313,786598.2060029834,9
178,0.23017621145374448,0.30286343612334804,2.1685022026431717,1.6596916299559472,0.5936123348017621,3.6222466960352424,0.0605726872246696,0.6299559471365639,0.2786343612334802,0.1211453744493392,1.3325991189427313,56.952,-4.602,Creag Meagaidh,100,Highland,Schist,241846.7889803157,787540.8765254656,52
229,0.0,0.0,11.0,0.0,0.0,0.0,0.0,0.0,0.0,0.0,0.0,55.5,-4.36,Mauchline Gorge,30,Ayrshire,Sandstone,251026.30256546618,625444.3320087766,1
277,0.0,1.222222222222222,1.222222222222222,0.0,0.0,3.6666666666666665,0.0,0.0,4.888888888888888,0.0,0.0,55.61,-5.248,Beinn Nuis,10,Arran,Granite,195526.0493107142,639942.9964079367,6
280,1.6923076923076923,0.0,0.0,0.0,0.0,0.0,0.0,4.230769230769231,0.0,0.0,5.076923076923077,56.937,-3.257,Eagle Rocks,30,Aberdeenshire,Granite,323610.0168798729,783561.1598875518,8
294,0.0,0.0,1.222222222222222,0.0,2.444444444444444,2.444444444444444,0.0,1.222222222222222,2.444444444444444,0.0,1.222222222222222,57.663,-4.934,An Coileachan,28,Cromarty,Schist,225073.99167399088,867467.2120256023,9
295,0.9166666666666667,1.8333333333333335,1.8333333333333335,0.0,0.9166666666666667,1.8333333333333335,0.0,0.0,0.9166666666666667,0.0,2.75,57.697,-5.049,Sgurr nan Clach Geala,21,Cromarty,Schist,218386.78557686272,871552.978276049,20
296,0.07534246575342465,0.1506849315068493,1.3561643835616437,0.3013698630136986,0.1506849315068493,3.465753424657534,0.7534246575342466,0.3767123287671233,1.0547945205479452,0.0,3.315068493150685,57.786,-4.93,Beinn Dearg,69,Cromarty,Gneiss,225904.8322690037,881142.972051611,66
297,0.0,0.0,0.0,3.666666666666667,3.666666666666667,3.666666666666667,0.0,0.0,0.0,0.0,0.0,57.847,-4.751,An Socach (Alladale),18,Cromarty,Quartzite,236819.17299494467,887484.2833866522,4
299,0.0,0.0,7.333333333333334,0.0,0.0,0.0,0.0,0.0,3.666666666666667,0.0,0.0,58.044,-5.208,Stac Pollaidh,67,Cromarty,Sandstone,210747.55453240813,910597.2211779213,10
304,0.0,0.0,5.5,0.0,0.0,0.0,0.0,0.0,5.5,0.0,0.0,58.412,-4.883,Foinaven,100,Sutherland,Quartzite,231676.5061855359,950681.6898915053,16
305,2.0625,2.75,0.0,0.6875,0.0,0.0,3.4375,1.375,0.0,0.6875,0.0,57.061,-3.745,Braeriach (Garbh Corie Mor),44,Invernesshire,Granite,294270.92053414474,798014.2235803279,30
308,5.5,0.0,0.0,5.5,0.0,0.0,0.0,0.0,0.0,0.0,0.0,55.639,-5.223,Cir Mhor (North East Face),40,Arran,Granite,197249.97839690818,643095.2320686823,8
387,0.4697824335213538,0.4697824335213538,1.0459307010475423,0.8775181305398873,0.44319097502014504,1.2497985495568091,0.7268331990330379,0.9661563255439163,1.2852538275584207,0.983883964544722,2.4818694601128124,56.649,-4.895,Buachaille Etive Mor,292,Highland,Rhyolite,222605.89587516064,754546.5733158819,65
412,0.0,0.0,0.0,11.0,0.0,0.0,0.0,0.0,0.0,0.0,0.0,56.818,-4.664,Meall Garbh,30,Highland,Gneiss,237495.95217928741,772776.2783483308,4
413,0.5641025641025641,1.4102564102564104,0.0,1.1282051282051282,1.4102564102564104,2.8205128205128207,0.0,0.5641025641025641,1.1282051282051282,0.0,1.9743589743589745,56.813,-4.465,Ben Alder,27,Highland,Granite,249619.16447570498,771764.665294068,24
416,0.0,0.611111111111111,0.611111111111111,0.611111111111111,0.0,1.222222222222222,0.0,1.8333333333333333,4.277777777777778,1.222222222222222,0.611111111111111,58.215,-5.049,Quinag,43,Cromarty,Sandstone,220989.27527940957,929189.1342554003,32
417,0.0,1.8333333333333335,0.0,0.0,3.666666666666667,3.666666666666667,0.0,0.0,1.8333333333333335,0.0,0.0,57.847,-4.898,Seana Bhraigh,20,Cromarty,Gneiss,228097.42858273655,887848.6255637337,11
472,0.0,0.0,0.0,0.0,7.857142857142858,0.0,0.0,0.0,0.0,0.0,3.142857142857143,56.658,-4.987,"Beinn Fhada, West Face",20,Bute,Rhyolite,217011.00284865056,755789.8446739399,7
474,0.0,0.0,5.5,0.0,1.1,0.0,0.0,0.0,1.1,0.0,3.3000000000000003,56.656,-4.998,"Gearr Aonach, East Face",44,Bute,Rhyolite,216327.26676019834,755596.7779469785,11
475,0.34591194968553457,0.48427672955974843,0.6918238993710691,1.522012578616352,0.4150943396226415,0.761006289308176,2.144654088050314,1.3144654088050314,0.89937106918239,0.761006289308176,1.660377358490566,56.659,-4.992,"Gearr Aonach, North Face",50,Bute,Rhyolite,216709.4970500157,755914.464403377,6
476,0.0,0.0,0.0,1.517241379310345,0.0,1.1379310344827587,4.551724137931035,0.37931034482758624,1.1379310344827587,0.0,2.2758620689655173,56.657,-5.008,"Aonach Dubh, East Face",90,Bute,Rhyolite,215719.39327610904,755734.885924662,3
531,0.0,0.0,0.0,0.0,0.0,5.5,0.0,0.0,0.0,0.0,5.5,56.66,-5.016,"Aonach Dubh, North Face",45,Bute,Rhyolite,215243.8935653317,756090.1893803057,10
532,0.2413793103448276,0.3448275862068966,1.7241379310344827,1.0,0.13793103448275862,2.103448275862069,0.5862068965517241,1.103448275862069,0.6551724137931034,0.1724137931034483,2.9310344827586206,56.657,-5.026,"Aonach Dubh, West Face",88,Bute,Rhyolite,214616.46439161722,755783.451915364,37
533,0.6231012658227848,0.7031645569620254,1.3123417721518988,1.287974683544304,0.9468354430379747,1.308860759493671,0.6056962025316456,1.0443037974683544,1.058227848101266,0.8841772151898735,1.2253164556962026,56.652,-5.022,Stob Coire nan Lochan,63,Highland,Andesite,214837.02513640674,755216.3786157133,55
534,0.46025104602510464,0.32217573221757323,0.9665271966527197,2.1631799163179917,0.6443514644351465,0.5523012552301255,0.598326359832636,0.598326359832636,1.4267782426778244,1.4267782426778244,1.8410041841004186,56.643,-5.029,Bidean nam Bian,80,Highland,Rhyolite,214363.79295834567,754234.0630005689,60
554,0.0,0.0,0.0,0.0,0.0,3.666666666666667,0.0,0.0,0.0,3.666666666666667,3.666666666666667,56.704,-5.424,"Garbh Bheinn, South Wall",40,Highland,Gneiss,190492.81553849953,762159.3909195738,2
555,0.0,0.0,11.0,0.0,0.0,0.0,0.0,0.0,0.0,0.0,0.0,56.706,-5.423,"Garbh Bheinn, Pinnacle Ridge",10,Highland,Gneiss,190565.12661029288,762378.7998803515,1
561,0.0,0.0,11.0,0.0,0.0,0.0,0.0,0.0,0.0,0.0,0.0,56.665,-4.979,"The Bendy, Glencoe",8,Bute,Andesite,217535.04771942444,756547.2744237422,1
562,0.3590504451038576,0.5059347181008902,1.5341246290801187,0.8813056379821959,0.7181008902077152,1.1913946587537092,1.2729970326409494,1.0281899109792285,1.2077151335311573,0.8649851632047477,1.4362017804154303,56.679,-5.037,Aonach Eagach - Sgor nam Fiannaidh,15,Highland,Rhyolite,214050.9583575445,758260.7898019186,7
590,0.0,0.0,0.0,11.0,0.0,0.0,0.0,0.0,0.0,0.0,0.0,56.227,-4.781,"Sugach Buttress, Creag Tharsuinn",33,Bute,Mica,227692.40689182444,707306.5206386471,18
591,0.0,0.7333333333333334,1.4666666666666668,0.0,0.0,4.4,0.0,0.0,0.7333333333333334,0.0,3.666666666666667,56.234,-4.808,Beinn Ime,18,Bute,Mica,226050.8259880263,708153.198326832,18
592,0.0,0.0,0.0,0.0,0.0,1.5714285714285714,0.0,0.0,3.142857142857143,0.0,6.285714285714286,56.221,-4.787,Beinn Narnain,19,Bute,Mica,227293.5394794747,706654.0268322135,5
594,0.1676190476190476,0.25142857142857145,0.5238095238095238,0.6076190476190476,0.6495238095238095,1.2780952380952382,0.8171428571428572,1.8647619047619048,1.8647619047619048,0.6285714285714286,2.3466666666666667,56.213,-4.808,The Cobbler,144,Bute,Mica,225955.56635019984,705816.8722882958,54
601,0.0,0.0,1.9642857142857144,3.142857142857143,1.1785714285714286,0.7857142857142857,1.1785714285714286,0.0,0.0,0.0,2.75,56.188,-4.83,The Brack,27,Bute,Mica,224477.35753592147,703091.383647336,15
618,0.0,0.5,2.8333333333333335,1.0,0.16666666666666666,1.0,0.16666666666666666,0.6666666666666666,1.1666666666666667,0.6666666666666666,2.8333333333333335,56.231,-4.875,Beinn an Lochain,30,Bute,Mica,221885.35931136305,707990.7595682299,20
620,0.0,0.6470588235294118,1.9411764705882353,1.9411764705882353,1.2941176470588236,0.6470588235294118,0.0,0.0,0.0,0.0,4.529411764705882,56.558,-4.671,Meall Bhuidhe,15,Bute,Mica,235940.87270542173,743864.0206253263,7
621,0.47201492537313433,0.49253731343283585,2.0727611940298507,1.375,0.6567164179104478,2.0727611940298507,0.14365671641791045,1.1492537313432836,0.6361940298507462,0.2667910447761194,1.662313432835821,56.53,-4.712,"Beinn an Dothaidh, North East Corrie",30,Bute,Schist,233298.6438704125,740847.5242929502,30
622,0.0,0.23655913978494622,1.3602150537634408,0.3548387096774193,0.532258064516129,0.5913978494623655,0.0,2.0698924731182795,1.8333333333333333,0.11827956989247311,3.9032258064516125,56.525,-4.723,Creag Coire an Dothaidh,15,Bute,Schist,232600.22161929158,740318.0016872787,12
623,0.0,0.07142857142857142,1.1428571428571428,1.0,0.42857142857142855,0.9285714285714286,0.0,1.7142857142857142,2.2857142857142856,0.2857142857142857,3.142857142857143,56.518,-4.72,Beinn Dorain,15,Bute,Schist,232753.83944619054,739531.8595337309,12
624,0.008950366151342554,0.4743694060211554,3.615947925142392,0.7607811228641171,0.08055329536208299,1.3873067534580958,0.008950366151342554,1.3962571196094384,0.9129373474369405,0.008950366151342554,2.3449959316517495,56.46,-4.793,Beinn Udlaidh,37,Bute,Schist,228001.46434929577,733259.2249133876,36
649,0.9274193548387096,1.0483870967741935,0.7983870967741935,1.3064516129032258,1.3387096774193548,1.1774193548387097,0.5806451612903226,1.0725806451612903,1.0241935483870968,0.6290322580645161,1.096774193548387,56.813,-4.962,Aonach Mor,110,Highland,Granite,219288.97310639828,772967.8132695307,99
650,0.8105263157894737,0.23157894736842105,0.0,0.5789473684210527,0.23157894736842105,2.5473684210526315,0.34736842105263155,3.705263157894737,0.23157894736842105,0.34736842105263155,1.9684210526315788,56.799,-4.953,Aonach Beag,38,Highland,Schist,219770.92289677807,771386.4825715293,34
652,0.27615062761506276,0.41422594142259417,0.7824267782426778,1.0125523012552302,0.6903765690376569,1.5188284518828452,0.9205020920502093,0.7364016736401674,1.794979079497908,1.1506276150627615,1.702928870292887,56.744,-5.03,Stob Ban,16,Highland,Mica,214799.61967740886,765473.1583082086,11
682,0.0,0.6285714285714286,0.0,0.0,0.6285714285714286,1.5714285714285716,0.3142857142857143,0.0,3.4571428571428573,0.0,4.4,57.206,-6.225,Cuillin Ridge (Traverse),9,Skye,Gabbro,144947.0986096008,820717.5366799398,1
684,0.0,0.0,0.0,0.4230769230769231,0.0,0.8461538461538461,0.0,1.6923076923076923,2.5384615384615383,0.4230769230769231,5.076923076923077,57.219,-6.093,Bla Bheinn,26,Skye,Gabbro,152999.9721908978,821676.2366124535,8
707,0.0,0.0,0.0,11.0,0.0,0.0,0.0,0.0,0.0,0.0,0.0,57.212,-6.225,Sgurr Mhic Coinnich (East Face),40,Skye,Gabbro,144988.5349654587,821384.7189153417,4
714,0.13692946058091285,0.31950207468879666,1.1867219917012448,1.004149377593361,0.5020746887966805,2.008298755186722,0.5933609958506224,0.95850622406639,1.4605809128630705,0.6846473029045643,2.145228215767635,57.806,-5.253,An Teallach,100,Highland,Sandstone,206817.3232670134,884245.2539044035,89
715,0.15827338129496402,0.17805755395683454,0.9100719424460432,0.8309352517985611,0.39568345323741005,1.7212230215827338,1.8201438848920863,0.9100719424460432,1.4244604316546763,0.37589928057553956,2.2751798561151078,57.564,-5.463,Liathach,200,Highland,Sandstone,192969.329937481,857943.5821687009,87
772,11.0,0.0,0.0,0.0,0.0,0.0,0.0,0.0,0.0,0.0,0.0,57.408,-5.681,Sgurr a'Chaorachain,37,Highland,Sandstone,178996.24594717612,841278.2997749917,4
774,0.46610169491525427,0.3107344632768362,0.5282485875706215,0.9322033898305085,0.43502824858757067,1.0875706214689267,2.112994350282486,0.3728813559322034,2.112994350282486,0.652542372881356,1.9887005649717515,57.586,-5.438,Beinn Eighe,185,Highland,Sandstone,194587.98629780798,860314.8809625296,72
780,0.0,0.0,0.0,0.0,0.0,0.0,11.0,0.0,0.0,0.0,0.0,57.202,-6.234,Sron na Ciche,147,Skye,Gabbro,144376.3077705121,820306.5163630083,4
807,0.0,0.0,11.0,0.0,0.0,0.0,0.0,0.0,0.0,0.0,0.0,56.774,-5.029,"Polldubh Crags, Glen Nevis",514,Highland,Mica,215008.47526041034,768808.0195297474,1
1543,0.5789473684210527,0.0,2.3157894736842106,1.736842105263158,3.473684210526316,0.0,0.0,2.8947368421052633,0.0,0.0,0.0,56.514,-4.306,Meall nan Tarmachan (Cam Chreag),25,Perthshire,Schist,258203.89542340543,738154.5030786728,25
1584,0.0,0.0,0.0,0.0,0.0,0.0,0.0,2.75,0.0,0.0,8.25,58.029,-5.155,Cul Beag West face,17,Highland,Sandstone,213796.4165109001,908780.7972636987,5
1651,0.39285714285714285,0.0,0.39285714285714285,0.0,0.0,0.7857142857142857,0.39285714285714285,0.7857142857142857,1.5714285714285714,1.1785714285714286,5.5,56.651,-5.189,Beinn a Bheithir,7,Bute,UNKNOWN,204598.0977776336,755568.9805500646,7
1670,0.0,0.0,0.0,11.0,0.0,0.0,0.0,0.0,0.0,0.0,0.0,57.014,-2.163,Muchalls Shore,111,Aberdeenshire,Schist,390200.4342698595,791441.0011080954,1
1955,0.0,0.0,3.6666666666666665,2.444444444444444,0.0,0.0,0.0,1.222222222222222,0.0,0.0,3.6666666666666665,57.998,-5.225,Sgurr an Fhidhleir,21,Highland,Sandstone,209499.9629920687,905527.1196100507,13
2048,1.1,0.5076923076923077,1.4384615384615385,1.6923076923076923,0.676923076923077,1.8615384615384616,0.16923076923076924,0.5923076923076923,1.2692307692307692,0.25384615384615383,1.4384615384615385,56.397,-4.811,Ben Lui (Beinn Laoigh),12,Stirlingshire,Schist,226605.9234354081,726295.3114974995,11
2137,0.48529411764705876,0.2156862745098039,2.5882352941176467,0.48529411764705876,0.32352941176470584,1.941176470588235,0.2696078431372549,2.049019607843137,0.7549019607843137,0.2696078431372549,1.6176470588235292,56.646,-5.036,Stob Coire nam Beith,61,Highland,Andesite,213949.50626542215,754586.8022460311,47
2328,0.32,0.52,1.4,1.16,0.72,1.08,0.8,0.84,1.32,0.8,2.04,56.636,-4.999,Sron nan Lairig,3,Bute,Rhyolite,216168.61214667337,753374.4199542712,2
2336,0.4429530201342282,0.4429530201342282,0.4429530201342282,0.8120805369127517,0.5167785234899329,0.9597315436241611,2.3624161073825505,0.8120805369127517,1.0335570469798658,1.993288590604027,1.1812080536912752,57.101,-3.644,Stag Rocks,84,Moray,Granite,300502.78125067387,802314.1944988621,52
2340,0.45833333333333337,2.75,0.0,2.291666666666667,0.0,0.45833333333333337,0.0,0.9166666666666667,0.0,1.375,2.75,56.811,-4.885,Stob Coire an Laoigh,52,Highland,Quartzite,223978.2969731826,772544.4589309266,51
2361,0.1783783783783784,0.4756756756756757,0.6540540540540541,1.7243243243243245,0.3567567567567568,1.427027027027027,1.3675675675675676,0.891891891891892,1.010810810810811,0.891891891891892,2.021621621621622,56.929,-4.6530000000000005,Beinn a'Chaorainn,4,Highland,Schist,238646.49289435215,785100.9753329075,2
2389,0.0,0.3793103448275862,5.436781609195402,2.528735632183908,0.0,1.1379310344827587,0.0,0.0,0.0,0.0,1.5172413793103448,56.417,-4.775,Beinn Chuirn,3,Bute,UNKNOWN,228916.9879309161,728430.195005912,2
2391,0.5146198830409356,0.32163742690058483,0.7719298245614036,1.8654970760233918,0.5146198830409356,1.0292397660818713,1.1578947368421053,0.5146198830409356,1.3508771929824561,0.7719298245614036,2.1871345029239766,57.592,-5.554,Beinn Alligin (Toll nam Biast),15,Highland,Sandstone,187692.65189169854,861339.7625970144,7
2505,1.1,3.3000000000000003,0.0,0.0,3.3000000000000003,0.0,0.0,0.0,1.1,2.2,0.0,57.069,-3.489,Coire na Ciche (Beinn a' Bhuird),37,Aberdeenshire,Granite,309814.2839116311,798536.812649244,20
2519,0.16417910447761194,0.21890547263681592,2.407960199004975,0.21890547263681592,0.16417910447761194,1.5323383084577114,0.5472636815920398,0.43781094527363185,1.8059701492537312,0.8208955223880596,2.681592039800995,57.443,-5.654,Beinn Bhan,70,Highland,Sandstone,180826.62176558096,845083.8456397015,38
2520,0.6285714285714286,0.6914285714285715,0.88,1.5714285714285716,1.32,1.32,0.5657142857142857,0.37714285714285717,0.6285714285714286,1.382857142857143,1.6342857142857143,57.091,-3.645,Carn Etchachan,77,Moray,Granite,300415.3656115698,801202.6392166048,54
2521,0.3586956521739131,0.2391304347826087,2.2717391304347827,1.4347826086956523,1.0760869565217392,2.032608695652174,0.0,0.9565217391304348,1.5543478260869565,0.3586956521739131,0.7173913043478262,56.641,-5.022,Lost Valley Buttress,44,Bute,Rhyolite,214783.0554854313,753992.6170011761,40
2551,0.611111111111111,0.611111111111111,0.0,1.0185185185185186,0.0,0.8148148148148148,1.8333333333333333,0.611111111111111,1.8333333333333333,0.611111111111111,3.0555555555555554,57.248,-6.192,Sgurr nan Gillean,20,Skye,Gabbro,147226.36615582474,825264.7093641097,7
2564,0.0,0.0,0.0,1.2531645569620253,2.2278481012658227,0.5569620253164557,1.1139240506329113,1.2531645569620253,1.9493670886075949,0.27848101265822783,2.367088607594937,56.428,-5.136,Ben Cruachan - Noe Buttress,20,Bute,Granite,206711.9479719866,730611.433701899,20
2576,0.6470588235294118,0.8088235294117647,1.7794117647058825,2.1029411764705883,0.16176470588235295,2.264705882352941,0.6470588235294118,0.4852941176470588,0.3235294117647059,0.4852941176470588,1.2941176470588236,56.628,-4.87,Sron na Creise,11,Highland,UNKNOWN,224040.3015397072,752145.7255572889,8
2580,0.1476510067114094,0.0738255033557047,1.0335570469798658,0.5906040268456376,0.2214765100671141,0.3691275167785235,0.8120805369127517,0.5906040268456376,1.6979865771812082,0.738255033557047,4.724832214765101,56.654,-5.171,Sgorr Dhearg,5,Bute,UNKNOWN,205716.5811522081,755851.5189379015,4
2583,0.0,0.55,1.1,1.1,1.1,1.1,0.0,2.75,0.0,0.55,2.75,56.19,-4.633,Ben Lomond,15,Stirlingshire,Schist,236707.68262969065,702829.3751490511,13
2605,0.10022779043280183,0.37585421412300685,0.1753986332574032,0.601366742596811,0.37585421412300685,0.8268792710706151,2.8063781321184513,0.8268792710706151,1.6036446469248293,0.3006833712984055,3.0068337129840548,57.109,-3.707,Lurcher's Crag,90,Invernesshire,Granite,296708.8783934375,803298.3379811128,82
2625,0.0,0.0,0.0,0.0,0.0,3.666666666666667,0.0,0.0,0.0,0.0,7.333333333333334,57.241,-6.225,Sgurr An Fheadain,12,Skye,Gabbro,145188.85034320503,824609.4372124019,1
2670,0.0,0.5789473684210527,1.736842105263158,0.0,0.0,6.368421052631579,1.736842105263158,0.0,0.0,0.0,0.5789473684210527,56.62,-5.08,North Face of Sgor na h-Ulaidh,9,Highland,UNKNOWN,211122.71784057427,751814.6922872416,9
2708,0.14864864864864866,0.5202702702702703,1.3378378378378377,0.8175675675675675,0.44594594594594594,1.635135135135135,0.5945945945945946,1.0405405405405406,1.7094594594594594,1.114864864864865,1.635135135135135,57.162,-5.415,The Saddle - Sgurr nan Forcan,5,Highland,UNKNOWN,193591.4712076575,813078.6066204954,2
2739,0.0,0.0,1.375,1.375,0.0,1.375,0.0,0.0,4.125,0.0,2.75,57.247,-6.206,Am Basteir,18,Skye,Gabbro,146375.6004063452,825205.6209563968,5
2740,0.0,0.0,0.0,1.8333333333333335,0.0,0.0,0.0,1.8333333333333335,5.5,1.8333333333333335,0.0,57.228,-6.235,Sgurr a'Ghreadaidh,13,Skye,Gabbro,144495.95122641238,823201.3815684651,5
3061,0.0,0.4782608695652174,0.7971014492753623,0.15942028985507248,1.4347826086956523,0.9565217391304348,0.9565217391304348,1.1159420289855073,1.7536231884057971,0.4782608695652174,2.8695652173913047,57.485,-5.379,Fuar Tholl,59,Highland,Sandstone,197553.26373356217,848901.7708494508,41
3081,0.0,0.0,5.5,0.0,0.0,0.0,0.0,0.0,0.0,0.0,5.5,56.806,-5.053,Meall an t-suidhe,4,Bute,Schist,213701.3598956135,772433.2268542874,2
3103,0.0,0.0,2.75,0.7857142857142857,0.0,2.75,0.0,2.357142857142857,0.0,0.7857142857142857,1.5714285714285714,56.921,-3.237,Broad Cairn Bluffs,4,Aberdeenshire,Granite,324794.71412069484,781758.0447736742,4
3104,0.0,0.0,0.0,0.0,0.0,0.6875,6.875,0.0,0.0,2.0625,1.375,57.107,-3.629,Stac An Fharaidh,36,Moray,Granite,301427.3539138205,802960.2070909872,15
3172,0.3492063492063492,0.3492063492063492,2.0952380952380953,0.3492063492063492,0.3492063492063492,1.9206349206349205,1.0476190476190477,0.873015873015873,1.222222222222222,0.5238095238095238,1.9206349206349205,57.404,-5.699,Meall Gorm,30,Highland,Sandstone,177891.45325377953,840892.10376952,14
3186,1.5714285714285714,0.0,1.5714285714285714,0.0,1.5714285714285714,1.5714285714285714,0.0,1.5714285714285714,0.0,1.5714285714285714,1.5714285714285714,56.836,-4.48,Sgor Iutharn,2,Highland,UNKNOWN,248796.4832226091,774357.0456388694,1
3311,0.4782608695652174,0.4782608695652174,0.0,1.1956521739130435,1.4347826086956523,2.1521739130434785,0.9565217391304348,1.4347826086956523,1.673913043478261,0.0,1.1956521739130435,57.699,-5.017,Sgurr Mor Fannaich,10,Highland,Schist,220303.0555417667,871690.1242407784,7
3443,0.0,0.4024390243902439,1.0731707317073171,0.6707317073170732,1.475609756097561,3.0853658536585367,0.9390243902439025,1.0731707317073171,0.2682926829268293,0.0,2.0121951219512195,57.499,-5.408,Sgorr Ruadh,51,Cromarty,Sandstone,195894.0133401316,850546.0738832826,46
3450,11.0,0.0,0.0,0.0,0.0,0.0,0.0,0.0,0.0,0.0,0.0,56.647,-4.962,Buachaille Etive Beag,7,Highland,Rhyolite,218489.9303639124,754499.5547141182,2
3475,3.6666666666666665,0.5238095238095238,1.0476190476190477,0.5238095238095238,0.0,0.0,0.0,1.5714285714285714,2.0952380952380953,0.5238095238095238,1.0476190476190477,56.568,-4.882,Stob Ghabhar,4,Bute,UNKNOWN,223023.83787405,745501.2450446328,3
3487,0.0,0.0,0.0,0.0,0.0,1.375,0.0,0.0,0.0,8.25,1.375,57.101,-3.717,Sron na Lairige,10,Invernesshire,Granite,296080.85472645704,802423.1395276823,6
3543,0.0,0.0,2.2,0.0,2.2,0.0,0.0,2.2,0.0,0.0,4.4,57.678,-4.579,Ben Wyvis (Glas Leathad Mor),30,Cromarty,Schist,246308.2003755048,868275.1315312261,6
3612,0.9166666666666667,0.0,1.375,1.375,1.375,0.45833333333333337,0.9166666666666667,0.9166666666666667,0.9166666666666667,1.375,1.375,57.057,-3.726,The Angels Peak,22,Invernesshire,Granite,295411.7991462576,797539.725330676,19
3613,0.0,0.0,3.666666666666667,0.0,0.0,3.666666666666667,0.0,3.666666666666667,0.0,0.0,0.0,57.07,-3.745,"Braeriach, Garbh Choire Dhaidh",23,Invernesshire,Granite,294296.53696068097,799015.9120698344,13
3614,1.3199999999999998,1.7599999999999998,0.0,1.3199999999999998,1.7599999999999998,2.6399999999999997,0.8799999999999999,0.8799999999999999,0.0,0.0,0.43999999999999995,57.078,-3.726,"Braeriach, Coire Bhrochain",59,Invernesshire,Granite,295470.92129578016,799877.0087532437,30
3657,0.0,0.0,0.0,0.0,0.0,3.666666666666667,0.0,0.0,3.666666666666667,3.666666666666667,0.0,57.078,-3.745,"Braeriach, Coire An Lochain",4,Invernesshire,Granite,294319.30933394737,799906.3029421192,3
3673,11.0,0.0,0.0,0.0,0.0,0.0,0.0,0.0,0.0,0.0,0.0,57.704,-5.389,Beinn Lair (NE Face),20,Highland,Schist,198172.2947671977,873294.5846822271,7
3878,0.0,0.0,0.0,0.0,0.0,5.5,0.0,0.0,5.5,0.0,0.0,57.214,-6.246,"Window Buttress, Coire na Banachdich.",8,Skye,Gabbro,143735.37185551916,821686.0011924193,3
3927,0.0,0.0,0.0,1.5714285714285714,0.0,1.5714285714285714,0.0,0.0,0.0,3.142857142857143,4.714285714285714,57.141,-5.297,Sgurr an Lochain,4,Highland,Ice,200610.63941133575,810391.0181013413,3
3935,0.0,0.0,6.285714285714286,3.142857142857143,0.0,0.0,0.0,0.0,0.0,0.0,1.5714285714285714,56.266,-4.315,Ben Ledi boulders,75,Stirlingshire,Schist,256721.02198278334,710577.5553302437,3
4141,1.8333333333333335,0.0,0.0,0.0,1.8333333333333335,1.8333333333333335,0.0,0.0,1.8333333333333335,3.666666666666667,0.0,57.213,-6.235,Sgurr Dearg,30,Skye,Gabbro,144392.10131403207,821533.4335113586,3
8233,2.2,0.0,0.0,2.2,0.0,0.0,2.2,4.4,0.0,0.0,0.0,57.076,-3.502,Coire an Dubh Lochain (Beinn a'Bhuird),37,Aberdeenshire,Granite,309043.2605927398,799333.2167121378,22
8497,11.0,0.0,0.0,0.0,0.0,0.0,0.0,0.0,0.0,0.0,0.0,56.365,-4.573,Stob Garbh,1,Highland,UNKNOWN,241157.84407599684,722159.7078735655,1
8501,0.0,0.0,0.0,1.0,2.0,0.0,1.0,1.0,6.0,0.0,0.0,57.231,-6.234,Sgurr a'Mhadaidh,40,Skye,Gabbro,144577.0277106994,823531.2167253159,8
8558,0.5641025641025641,0.0,0.8461538461538461,0.5641025641025641,0.5641025641025641,0.5641025641025641,1.4102564102564104,1.6923076923076923,1.9743589743589745,0.28205128205128205,2.5384615384615383,57.588,-5.451,Sail Mhor,13,Highland,Sandstone,193822.6204673495,860576.8361332094,11
8563,0.7096774193548386,0.3548387096774193,1.4193548387096773,0.0,1.064516129032258,1.4193548387096773,1.064516129032258,0.7096774193548386,2.4838709677419355,0.3548387096774193,1.4193548387096773,56.539,-5.05,Ben Starav,10,Bute,Granite,212561.91803903892,742721.2417714676,9
8578,0.0,0.0,0.0,0.0,0.0,2.75,0.0,0.0,0.0,0.0,8.25,57.075,-5.592,Ladhar Bheinn,8,Highland,UNKNOWN,182383.60336503884,803951.8604632592,6
8663,4.4,0.0,0.0,0.0,0.0,0.0,4.4,0.0,0.0,2.2,0.0,56.551,-4.695,Beinn Achaladair,7,Bute,Mica,234435.68108294156,743142.8517161548,6
9089,0.0,0.0,0.0,0.0,0.0,0.0,0.0,11.0,0.0,0.0,0.0,56.258,-4.857,Binnein an Fhidhleir,37,Bute,Mica,223125.42051681314,710948.1424441136,4
9402,0.0,0.0,0.0,0.0,0.0,0.0,0.0,0.0,11.0,0.0,0.0,57.205,-6.228,Sgurr Sgumain,17,Skye,Gabbro,144759.1512076209,820617.5870314471,1
9678,0.0,0.3859649122807018,1.736842105263158,1.736842105263158,1.1578947368421053,1.736842105263158,0.3859649122807018,1.1578947368421053,0.3859649122807018,1.5438596491228072,0.7719298245614036,56.805,-4.987,Carn Mor Dearg,6,Highland,Granite,217724.57736504334,772144.1214888053,3
9731,0.0,0.0,0.0,0.0,0.0,5.0,0.0,0.0,5.0,0.0,1.0,56.881,-4.317,Geal Charn (Drumochter),10,Invernesshire,Schist,258908.37129563457,779015.978303563,8
9758,0.0,6.6000000000000005,4.4,0.0,0.0,0.0,0.0,0.0,0.0,0.0,0.0,57.432,-4.955,Sgurr Na Muice (North-East Face),34,Highland,Schist,222702.05740821126,841819.2889018975,34
9808,0.0,5.5,1.8333333333333335,0.0,0.0,1.8333333333333335,0.0,0.0,0.0,1.8333333333333335,0.0,57.082,-3.498,Coire nan Clach (Beinn a' Bhuird),34,Aberdeenshire,Granite,309300.3922683946,799995.7132234005,16
9847,0.0,0.0,0.4782608695652174,2.391304347826087,0.0,4.782608695652174,0.9565217391304348,1.4347826086956523,0.4782608695652174,0.0,0.4782608695652174,56.912,-3.334,Carn an Tuirc - Coire Kander,14,Aberdeenshire,Schist,318870.56542718696,780867.3461169128,14
9857,0.0,0.0,0.0,0.0,0.0,0.0,0.0,0.0,0.0,0.0,11.0,57.48,-4.896,Craig a Ghlastail,4,Highland,Schist,226470.48966717348,847007.5950977871,2
9861,0.0,0.0,11.0,0.0,0.0,0.0,0.0,0.0,0.0,0.0,0.0,56.46,-3.806,Newton Bridge Crag,1,Perthshire,UNKNOWN,288807.7852247413,731223.8010018158,1
9872,0.0,0.0,2.0,1.0,2.0,0.5,1.5,1.0,0.0,2.0,1.0,56.334,-4.235,Stuc a Chroin NE Buttress,2,Stirlingshire,UNKNOWN,261920.48648187023,717980.4731604446,1
9891,0.0,11.0,0.0,0.0,0.0,0.0,0.0,0.0,0.0,0.0,0.0,56.882,-4.221,Coire Chuirn,5,Invernesshire,UNKNOWN,264760.7097716612,778933.147982095,1
9894,0.0,11.0,0.0,0.0,0.0,0.0,0.0,0.0,0.0,0.0,0.0,56.545,-4.221,Lawers,10,Perthshire,Schist,263544.7592562194,741431.6986524155,3
9908,0.0,0.0,0.0,0.0,0.0,3.6666666666666665,1.222222222222222,1.222222222222222,0.0,0.0,4.888888888888888,57.248,-6.205,Sgurr a' Bhastier,8,Skye,Gabbro,146442.7558530609,825313.0915248124,5
9924,0.0,1.375,0.0,0.0,1.375,2.75,0.0,2.75,1.375,0.0,1.375,56.356,-4.578,Cruach Ardrain,2,Stirlingshire,UNKNOWN,240811.52137775125,721169.9004981277,2
9928,0.0,0.46808510638297873,0.9361702127659575,2.3404255319148937,0.46808510638297873,2.1063829787234045,0.7021276595744681,0.23404255319148937,1.4042553191489362,0.7021276595744681,1.6382978723404256,56.638,-5.01,Stob Coire Sgreamhach,8,Highland,Andesite,215503.9942953218,753626.4882810144,7
9931,0.0,5.5,0.0,0.0,0.0,0.0,0.0,0.0,0.0,0.0,5.5,55.49,-2.163,Bizzle crags,21,Northumberland,Andesite,389798.5488490795,621812.2165769456,5
9943,0.0,0.6875,1.375,0.6875,0.0,4.125,0.0,0.6875,1.375,1.375,0.6875,55.139,-4.4879999999999995,Black Gairy,26,Galloway,Granite,241507.63176133798,585564.6817240912,26
10058,0.0,5.5,0.0,0.0,0.0,0.0,0.0,5.5,0.0,0.0,0.0,57.706,-4.99,Beinn Liath Mhor,2,Highland,Sandstone,221945.8642192566,872397.6478347417,2
10064,0.0,0.0,9.263157894736842,0.4342105263157895,0.0,0.0,0.0,0.0,0.0,0.0,1.3026315789473684,56.771,-4.986,"Steall Hut Crag, Glen Nevis",23,Highland,Mica,217620.51422734075,768358.8082312327,1
10316,0.0,0.0,2.75,0.0,2.75,0.0,2.75,0.0,0.0,2.75,0.0,57.072,-3.811,Gleann Einich,33,Invernesshire,Granite,290301.28482827236,799342.7703954666,23
10590,0.0,0.0,3.666666666666667,0.0,0.0,7.333333333333334,0.0,0.0,0.0,0.0,0.0,56.65,-5.031,"Stob Coire nan Lochan, South-West Face",16,Bute,Rhyolite,214275.64707004448,755018.2384590645,5
10958,0.0,0.0,0.0,0.0,0.0,4.125,0.0,1.375,1.375,2.75,1.375,57.207,-6.223,Sgurr Thearlaich,13,Skye,Gabbro,145074.69249910506,820821.2401363519,11
10963,0.0,0.0,0.8461538461538461,0.8461538461538461,0.0,2.5384615384615383,0.0,0.0,0.0,0.0,6.769230769230769,57.247,-6.211,Bruach na Frithe,5,Skye,Gabbro,146074.20525057183,825224.2741563867,2
11018,0.0,0.4782608695652174,0.0,0.0,0.0,1.4347826086956523,0.0,0.4782608695652174,3.347826086956522,1.9130434782608696,3.347826086956522,58.414,-4.609,Ben Hope,27,Sutherland,UNKNOWN,247686.79233043507,950250.4282256411,22
11022,0.0,0.0,0.0,0.0,0.0,0.0,0.0,0.0,0.0,0.0,11.0,58.404,-4.435,Ben Loyal,17,Sutherland,Granite,257808.35319263756,948756.126407994,2
11038,0.0,0.0,2.8947368421052633,2.8947368421052633,1.1578947368421053,0.5789473684210527,0.0,0.0,0.5789473684210527,0.0,2.8947368421052633,57.127,-5.184,Druim Shionnach (West Face),16,Highland,Schist,207372.0897749348,808508.4539859836,15
11039,0.0,0.0,3.235294117647059,0.6470588235294118,1.2941176470588236,4.529411764705882,0.0,0.0,1.2941176470588236,0.0,0.0,57.124,-5.206,Creag Coire an T-Slugain,19,Highland,UNKNOWN,206025.30172987387,808237.1165052189,19
11117,0.0,0.0,0.0,11.0,0.0,0.0,0.0,0.0,0.0,0.0,0.0,57.033,-3.638,Coire na Poite,1,Aberdeenshire,Granite,300684.54952784546,794736.9653290865,1
11126,0.0,0.0,11.0,0.0,0.0,0.0,0.0,0.0,0.0,0.0,0.0,56.854,-3.222,"Corrie Sharroch, Glen Clova",1,Angus,Schist,325574.5325120153,774284.0900380125,1
11142,0.0,0.0,11.0,0.0,0.0,0.0,0.0,0.0,0.0,0.0,0.0,57.826,-5.089,Loch Broom - West,2,Cromarty,Ice,216659.08183277215,886013.8314380868,2
11144,0.0,0.4074074074074074,4.888888888888888,2.037037037037037,0.0,2.8518518518518516,0.0,0.0,0.0,0.0,0.8148148148148148,56.843,-4.965,Sgurr Finnisg-aig,3,Highland,UNKNOWN,219250.6245577944,776313.4174422733,3
11149,0.0,0.0,2.444444444444444,2.444444444444444,0.0,6.111111111111111,0.0,0.0,0.0,0.0,0.0,55.883,-3.221,Caerketton Craigs,4,Midlothian,Rhyolite,323717.3037195378,666213.1162847363,4
11159,0.0,0.0,3.5538461538461537,5.753846153846154,0.0,0.0,0.16923076923076924,0.0,0.0,0.0,1.523076923076923,55.421,-3.292,Grey Mare's Tail,3,Galloway,Ice,318318.54223035485,614880.574171705,2
11161,0.0,0.0,11.0,0.0,0.0,0.0,0.0,0.0,0.0,0.0,0.0,56.779,-4.9719999999999995,Steall Hut Ruins Falls,1,Highland,Ice,218514.42306883092,769211.6130599063,1
11164,0.0,0.0,8.25,2.75,0.0,0.0,0.0,0.0,0.0,0.0,0.0,57.8,-5.151,Carn a' Bhiorain - Coill a' Bhun,2,Cromarty,Ice,212844.01985632538,883290.8787193533,2
11165,0.0,1.0,2.0,8.0,0.0,0.0,0.0,0.0,0.0,0.0,0.0,56.329,-4.712,Eagle Falls,1,Stirlingshire,UNKNOWN,232415.9275898103,718484.2743045249,1
11175,0.0,0.0,0.9565217391304348,1.4347826086956523,0.0,4.782608695652174,0.0,0.0,0.0,0.0,3.8260869565217392,57.456,-5.284,Coire na h-eilde,12,Highland,UNKNOWN,203089.0407670636,845396.1066346067,12
11185,0.0,0.0,0.0,0.0,0.0,0.0,1.5714285714285714,4.714285714285714,1.5714285714285714,0.0,3.142857142857143,58.058,-5.117,Cul Mor,10,Sutherland,Sandstone,216188.4340656316,911903.218149073,5
11189,0.0,0.0,0.0,0.0,0.0,0.0,0.0,0.0,0.0,0.0,11.0,58.235,-4.412,Ben Klibreck,16,Sutherland,Ice,258477.71063159942,929898.3573879419,13
11204,0.0,0.0,11.0,0.0,0.0,0.0,0.0,0.0,0.0,0.0,0.0,55.668,-4.044,Spectacle E'e Falls,2,Lanarkshire,Sandstone,271533.95402204955,643504.7758641155,2
11230,0.0,0.0,0.0,0.0,0.0,0.0,7.333333333333334,0.0,3.666666666666667,0.0,0.0,57.787,-4.912,Cona' Mheall - Coire Ghranda Face,4,Cromarty,UNKNOWN,226979.35856785177,881208.0571535099,2
11242,0.0,0.0,8.25,2.75,0.0,0.0,0.0,0.0,0.0,0.0,0.0,57.76,-5.037,Corrieshalloch Area,10,Cromarty,Ice,219416.14545735763,878530.5084291882,3
11268,0.0,0.0,8.8,0.0,0.0,0.0,0.0,0.0,0.0,0.0,2.2,57.531,-6.224,Coire Scamadal,6,Skye,Basalt,147255.42086041198,856853.2709080369,3
11316,0.0,0.0,0.0,5.5,0.0,1.8333333333333335,0.0,0.0,0.0,3.666666666666667,0.0,57.709,-5.028,Carn na Criche - Creag a' Mhadaidh,10,Cromarty,Schist,219697.53498794264,872832.0167200507,4
11319,0.0,0.0,0.0,11.0,0.0,0.0,0.0,0.0,0.0,0.0,0.0,57.362,-5.058,Creag Loch Tuill Bhearnach,7,Highland,UNKNOWN,216170.56998694042,834304.7543288902,1
11327,0.0,0.0,0.0,0.0,0.0,0.0,0.0,0.0,0.0,0.0,11.0,57.516,-4.883,Allt Gleadhraich,2,Highland,Ice,227419.76736228727,850980.0787268872,1
11347,0.0,0.0,0.0,0.0,0.0,0.0,0.0,0.0,0.0,5.5,5.5,57.588,-5.524,Beinn Dearg (Torridon),5,Highland,Sandstone,189461.51312866164,860801.2308638459,4
11423,0.0,0.0,0.0,0.0,0.0,3.666666666666667,0.0,0.0,0.0,0.0,7.333333333333334,56.749,-5.073,"Black Buttress, Mullach nan Coirean",3,Highland,Schist,212195.934978878,766146.6019005948,3
11429,0.0,0.0,0.0,0.0,0.0,3.666666666666667,0.0,3.666666666666667,3.666666666666667,0.0,0.0,56.823,-4.761,Stob a' Choire Mheadhoin,2,Highland,Mica,231599.61464833684,773567.3109018026,2
11452,0.0,0.0,1.375,2.75,0.0,0.0,0.0,4.125,0.0,2.75,0.0,55.389,-3.386,Swatte Fell,5,Galloway,Ice,312298.0889475365,611434.1928679739,5
11455,0.0,0.0,0.0,11.0,0.0,0.0,0.0,0.0,0.0,0.0,0.0,55.41,-3.354,Raven Craig,3,Galloway,Ice,314370.558973858,613731.138736156,3
11456,0.0,0.0,2.2,6.6000000000000005,0.0,2.2,0.0,0.0,0.0,0.0,0.0,55.409,-3.289,Broken Cleugh,1,Galloway,Ice,318483.67950328323,613541.6924859345,1
11457,0.0,0.0,0.0,11.0,0.0,0.0,0.0,0.0,0.0,0.0,0.0,55.429,-3.2720000000000002,Dob's Linn,2,Galloway,Ice,319600.6866197713,615747.4881535287,2
11497,0.0,0.0,0.0,0.0,0.0,0.0,0.0,0.0,0.0,0.0,11.0,57.126,-3.711,Chalamain Gap,1,Invernesshire,Granite,296514.10669035884,805196.5145599344,1
11498,0.0,0.0,0.0,0.0,0.0,0.0,0.0,0.0,0.0,7.333333333333334,3.666666666666667,57.142,-3.652,Cranberry Rocks,17,Invernesshire,Granite,300128.7312997307,806889.2777354422,2
11499,0.0,0.0,0.0,0.0,1.5714285714285714,1.5714285714285714,6.285714285714286,0.0,0.0,0.0,1.5714285714285714,57.093,-3.6550000000000002,Garbh Uisge Crag,7,Moray,Granite,299814.8557763125,801439.8971589903,7
11503,0.0,0.0,0.0,0.0,0.0,1.222222222222222,2.444444444444444,7.333333333333333,0.0,0.0,0.0,57.024,-3.84,Coire Garbhlach,32,Invernesshire,Schist,288399.28183198144,794047.5940938554,30
11522,0.0,0.0,0.0,0.0,11.0,0.0,0.0,0.0,0.0,0.0,0.0,56.845,-3.249,"North Craig, Glen Prosen",5,Angus,Schist,323909.7373737306,773312.080224588,4
11528,0.0,0.0,0.0,0.0,0.0,0.0,0.0,0.0,11.0,0.0,0.0,56.864,-3.127,Boustie Ley - Corrie Bonhard,43,Angus,Rhyolite,331386.1833869629,775297.6961800226,1
11530,0.0,0.0,0.0,0.0,0.0,0.0,0.0,0.0,0.0,0.0,11.0,56.866,-3.23,Craig Rennet,3,Angus,Ice,325110.6965717821,775628.5034599283,1
11531,0.0,0.0,0.0,0.0,0.0,0.0,0.0,0.0,0.0,0.0,11.0,56.876,-3.25,Craig Maud,4,Angus,Schist,323911.7974358193,776763.6645798194,3
11542,0.0,0.0,0.0,0.0,11.0,0.0,0.0,0.0,0.0,0.0,0.0,57.215,-6.242,Banachdich Slabs,4,Skye,Gabbro,143983.6338034637,821782.1407559904,3
11543,0.0,0.0,0.0,0.0,0.0,0.0,0.0,0.0,0.0,0.0,11.0,56.696,-6.023,Beinn Hiant,4,Highland,UNKNOWN,153793.91492132648,763263.3429946492,4
11561,0.0,0.0,11.0,0.0,0.0,0.0,0.0,0.0,0.0,0.0,0.0,56.625,-5.069,Stob an Fhuarain,2,Bute,UNKNOWN,211822.28337477913,752340.6743555928,2
11565,0.0,0.0,2.444444444444444,0.0,0.0,1.222222222222222,3.6666666666666665,0.0,1.222222222222222,0.0,2.444444444444444,56.744,-4.94,Na Gruagaichean,2,Highland,Schist,220301.5994755166,765233.2209271358,1
11588,0.0,0.0,3.666666666666667,0.0,0.0,0.0,0.0,3.666666666666667,0.0,0.0,3.666666666666667,57.222,-5.284,Beinn Fhada (Lochalsh),23,Highland,Schist,201831.417470919,819364.0038731036,17
11593,0.0,0.0,0.0,0.0,0.0,0.0,0.0,0.0,0.0,0.0,11.0,57.066,-5.556,Stob a' Chearcaill - North-West Face,6,Highland,Schist,184512.2311819971,802836.4269316555,2
11599,0.0,0.0,0.0,0.0,5.5,5.5,0.0,0.0,0.0,0.0,0.0,57.178,-5.087,Sgurr nan Conbhairean Uaine,12,Highland,Schist,213498.2067850691,813912.4060928161,2
11601,0.0,0.0,0.0,0.0,0.0,0.0,0.0,0.0,11.0,0.0,0.0,57.191,-5.156,A' Chralaig - Lochan na Cralaig,4,Highland,Schist,209396.09164352439,815549.766870349,3
11602,0.0,0.0,0.0,2.75,0.9166666666666667,2.75,0.0,0.9166666666666667,0.0,1.8333333333333335,1.8333333333333335,57.205,-5.156,Mullach Fraoch-Choire,4,Highland,Schist,209468.28392797153,817107.3004191936,2
11611,0.0,0.0,0.0,2.2,0.0,4.4,0.0,2.2,2.2,0.0,0.0,57.206,-5.356,Sgurr nan Saighead,20,Highland,Schist,197398.78698210992,817796.0397400786,17
11612,0.0,0.0,0.0,11.0,0.0,0.0,0.0,0.0,0.0,0.0,0.0,57.196,-5.348,Sgurr Fhuaran,3,Highland,Schist,197827.0466342638,816659.8220178139,2
11613,0.0,0.0,0.0,11.0,0.0,0.0,0.0,0.0,0.0,0.0,0.0,57.189,-5.349,Sgurr na Carnach,3,Highland,Schist,197728.35649321816,815884.0873808066,2
11642,0.0,0.0,0.0,0.0,0.0,0.0,0.0,11.0,0.0,0.0,0.0,57.482,-5.44,Meall nan Ceapairean,4,Highland,Sandstone,193881.69205285466,848751.6628553843,4
11676,0.0,0.0,2.75,0.0,2.75,2.75,0.0,2.75,0.0,0.0,0.0,56.527,-4.287,Meall nan Tarmachan (Creagan Lochan),14,Perthshire,Schist,259420.9682455283,739561.9827490391,14
11836,0.0,0.0,0.0,0.0,11.0,0.0,0.0,0.0,0.0,0.0,0.0,56.23,-4.763,A'Chrois,10,Bute,Mica,228821.36396065814,707595.3834934124,7
11843,0.0,0.0,0.0,0.0,0.0,3.666666666666667,1.8333333333333335,0.0,0.0,3.666666666666667,1.8333333333333335,56.429,-5.11,Drochaid Ghlas,5,Bute,UNKNOWN,208319.70349514866,730649.8133147148,4
11846,0.0,0.0,0.0,0.0,0.0,0.0,0.0,11.0,0.0,0.0,0.0,56.509,-4.337,Creag na Caillich,4,Perthshire,Schist,256277.84859009497,737662.6236920868,4
11888,0.0,0.0,0.0,0.0,0.0,5.5,0.0,5.5,0.0,0.0,0.0,57.225,-6.251,An Diallaid,6,Skye,Gabbro,143510.15688879017,822927.9930994298,1
11896,0.0,0.0,0.0,0.0,0.0,11.0,0.0,0.0,0.0,0.0,0.0,57.202,-6.217,Caisteal a' Garbh Choire,4,Skye,Gabbro,145402.29427805252,820242.7933768324,1
11900,0.0,0.0,0.0,0.0,0.0,0.0,0.0,0.0,0.0,0.0,11.0,57.196,-6.21,Sgurr nan Eag,7,Skye,Gabbro,145783.47764176413,819549.4420281412,1
11980,0.0,0.0,0.0,0.0,0.0,11.0,0.0,0.0,0.0,0.0,0.0,55.141,-4.465,"Howe of the Cauldron, The Merrick",1,Galloway,UNKNOWN,242981.24686786794,585735.1573387015,1
11982,0.0,0.0,0.0,2.75,0.0,8.25,0.0,0.0,0.0,0.0,0.0,55.12,-4.412,Craignaw crag,10,Galloway,Granite,246277.97123395157,583280.8597898195,1
11984,0.0,0.0,0.0,0.0,0.0,1.222222222222222,0.0,1.222222222222222,1.222222222222222,2.444444444444444,4.888888888888888,55.131,-4.331,Rhinns of Kells,20,Galloway,Granite,251483.4437215934,584329.1580059484,12
12064,0.0,0.0,0.0,0.55,0.55,0.0,0.55,0.0,3.85,2.2,3.3000000000000003,56.652,-5.202,Sgorr Dhonuill,2,Bute,UNKNOWN,203806.66374849775,755717.3796886659,1
12558,0.0,0.0,0.0,0.0,0.0,0.0,0.0,0.0,0.0,11.0,0.0,56.273,-4.755,Ben Vorlich,2,Bute,UNKNOWN,229508.56927186527,712359.525728593,1
12584,0.0,0.0,0.0,0.0,0.0,11.0,0.0,0.0,0.0,0.0,0.0,56.56,-4.647,Beinn a'Chreachain,2,Bute,UNKNOWN,237424.0680391804,744029.3976053738,1
12609,0.0,0.0,3.666666666666667,0.0,0.0,3.666666666666667,3.666666666666667,0.0,0.0,0.0,0.0,56.454,-4.619,Ben Challum,3,Stirlingshire,Schist,238694.42080146325,732169.3567983371,2
12635,0.0,0.0,0.0,0.0,0.0,11.0,0.0,0.0,0.0,0.0,0.0,56.62,-5.08,Sgor na h-Ulaidh,2,Highland,Rhyolite,211122.71784057427,751814.6922872416,1
12673,0.0,0.0,11.0,0.0,0.0,0.0,0.0,0.0,0.0,0.0,0.0,56.595,-4.989,Stob Dubh,2,Highland,UNKNOWN,216582.80680952626,748786.3050040639,1
12692,0.0,0.360655737704918,1.262295081967213,1.442622950819672,1.442622950819672,1.442622950819672,0.360655737704918,0.721311475409836,1.622950819672131,0.901639344262295,1.442622950819672,56.756,-5.004,Sgurr a'Mhaim,3,Highland,Quartzite,216447.65726763138,766738.137146558,2
12694,0.0,0.0,1.2815533980582525,0.4271844660194175,0.9611650485436893,1.8155339805825244,0.4271844660194175,1.9223300970873787,1.0679611650485437,1.70873786407767,1.3883495145631068,56.742,-4.984,Am Bodach,6,Highland,Schist,217602.02018324885,765127.1115127968,4
12867,0.0,0.0,0.0,4.4,2.2,0.0,0.0,0.0,0.0,0.0,4.4,57.124,-5.221,Aonach air Chrith,4,Highland,Schist,205117.67634691627,808279.9175960949,3
12872,0.0,0.0,0.0,11.0,0.0,0.0,0.0,0.0,0.0,0.0,0.0,57.147,-5.397,Sgurr na Sgine,4,Highland,UNKNOWN,194596.19780886994,811355.5866200819,1
12956,0.0,0.0,0.0,0.0,0.0,0.0,0.0,0.0,0.0,0.0,11.0,57.179,-5.189,Am Bathach,2,Highland,UNKNOWN,207340.37911513617,814307.619684112,1
13003,0.0,0.0,0.0,0.0,0.0,0.0,0.0,11.0,0.0,0.0,0.0,57.362,-5.105,An Riabhachan,4,Highland,UNKNOWN,213344.82664479723,834432.8664759693,3
13024,0.0,0.0,0.0,0.0,0.0,0.0,0.0,0.0,0.0,0.0,11.0,57.581,-5.582,Beinn Alligin - Tom na Gruagaich,4,Cromarty,Sandstone,185955.47624221275,860204.2132600781,2
13059,0.0,0.0,0.0,0.0,0.0,0.0,0.0,5.5,0.0,0.0,5.5,57.667,-5.347,Slioch,9,Cromarty,UNKNOWN,200470.08935708398,869053.9185148759,3
13080,0.0,0.0,0.0,0.0,11.0,0.0,0.0,0.0,0.0,0.0,0.0,57.692,-5.092,Sgurr Breac,7,Cromarty,Schist,215799.7572485513,871112.8247456298,6
13185,0.0,0.0,0.0,0.0,0.0,0.0,0.0,0.0,0.0,0.0,11.0,58.138,-4.859,Ben More Assynt,3,Sutherland,UNKNOWN,231782.73319201244,920131.2928826319,1
13210,0.0,0.0,0.0,0.0,0.0,0.0,0.0,0.0,0.0,0.0,11.0,57.507,-6.184,The Storr,11,Skye,UNKNOWN,149483.24936327705,854036.0375547318,5
13383,0.0,0.0,0.0,0.0,0.0,5.5,0.0,5.5,0.0,0.0,0.0,56.076,-5.074,Creag Tharsuinn,4,Bute,UNKNOWN,208785.16165193575,691280.847939996,3
13673,0.0,0.0,0.0,11.0,0.0,0.0,0.0,0.0,0.0,0.0,0.0,55.944,-3.162,Arthur's Seat,46,Midlothian,Basalt,327521.9946368956,672938.2757437301,2
14089,0.0,0.0,0.0,7.333333333333334,0.0,0.0,0.0,0.0,0.0,0.0,3.666666666666667,56.979,-4.516,Carn Liath,2,Highland,UNKNOWN,247186.5583537051,790349.3754338826,1
14111,0.0,0.0,0.0,0.0,0.0,0.0,0.0,0.0,0.0,0.0,11.0,58.135,-4.884,Conival,3,Sutherland,UNKNOWN,230297.18275891824,919860.1474752012,1
14627,0.0,0.0,0.0,0.0,0.0,0.0,0.0,3.666666666666667,3.666666666666667,3.666666666666667,0.0,56.81,-4.989,Carn Mor Dearg - Carn Dearg Meadhonach,2,Highland,UNKNOWN,217626.81861192946,772705.7263395443,1
14650,0.0,3.666666666666667,0.0,0.0,0.0,7.333333333333334,0.0,0.0,0.0,0.0,0.0,56.56,-4.216,An Stuc,2,Perthshire,Schist,263906.0141452333,743090.9326429748,1
14662,0.0,0.0,0.0,0.0,0.0,0.0,0.0,11.0,0.0,0.0,0.0,56.602,-4.868,Creise - Clach Leathad,7,Highland,UNKNOWN,224041.9341660691,749247.9172246758,6
14711,0.0,0.0,0.0,5.5,0.0,0.0,5.5,0.0,0.0,0.0,0.0,56.539,-5.041,Ben Starav - Stob Coire Dheirg,2,Bute,UNKNOWN,213115.101146814,742696.6859546216,1
14718,0.0,0.0,0.0,0.0,0.0,0.0,0.0,0.0,0.0,0.0,11.0,56.786,-5.022,Ben Nevis - Carn Dearg South,2,Highland,UNKNOWN,215495.02613237087,770124.1464849818,1
14720,0.0,0.0,0.0,0.0,0.0,0.0,0.0,0.0,5.5,0.0,5.5,57.097,-3.558,Beinn a'Chaorainn - Beinn a'Chaorainn Bheag,2,Invernesshire,UNKNOWN,305702.09007887077,801746.7061115801,1
14775,0.0,0.0,0.0,3.666666666666667,0.0,7.333333333333334,0.0,0.0,0.0,0.0,0.0,56.817,-4.67,Chno Dearg - Meall Garbh,2,Highland,UNKNOWN,237125.49255937454,772679.286202834,1
14789,0.0,0.0,0.0,0.0,0.0,0.0,0.0,0.0,0.0,11.0,0.0,57.584,-5.391,Beinn Eighe - Sgurr Ban,2,Highland,Quartzite,197384.9387935103,859950.9373439641,1
14799,0.0,0.0,0.0,0.0,11.0,0.0,0.0,0.0,0.0,0.0,0.0,56.434,-5.075,Stob Diamh - Sron An Isean,3,Bute,UNKNOWN,210502.07715179518,731108.9164399486,2
14801,0.0,0.0,0.0,0.0,0.0,0.0,0.0,0.0,0.0,11.0,0.0,57.585,-5.379,Beinn Eighe - Sgurr nan Fhir Duibhe,2,Highland,Quartzite,198107.490177289,860026.379833356,1
14915,0.0,0.0,0.0,0.0,0.0,0.0,0.0,0.0,0.0,0.0,11.0,56.868,-3.493,Carn a'Gheoidh - Carn Bhinnein,3,Perthshire,UNKNOWN,309082.835330992,776170.2578371526,1
15992,0.0,0.0,0.0,5.5,0.0,0.0,0.0,0.0,0.0,0.0,5.5,56.343,-4.551,"Beinn Tulaichean, Creag nan Sputan",4,Stirlingshire,Schist,242425.69493229617,719661.2697871038,1
15999,0.0,0.0,0.0,11.0,0.0,0.0,0.0,0.0,0.0,0.0,0.0,56.036,-4.265,Coire of Balgass,1,Glasgow,UNKNOWN,258976.34245867826,684882.3976368285,1
16068,0.0,0.0,0.0,2.0166666666666666,0.3666666666666667,1.1,0.0,0.0,0.0,0.0,7.5166666666666675,56.638,-4.995,Eilde Canyon,20,Bute,Ice,216423.56956453482,753586.1997668231,16
16707,0.0,0.0,0.0,0.0,0.0,0.0,0.0,0.0,0.0,0.0,11.0,57.23,-6.081,Sgurr nan Each,6,Skye,Gabbro,153797.30401373783,822856.0051966188,1
16730,0.0,0.0,0.0,0.0,0.41164241164241167,1.0977130977130978,2.30977130977131,0.34303534303534305,2.492723492723493,1.6008316008316008,2.7442827442827444,57.135,-3.625,Creagan Coire Cha-no,34,Invernesshire,Granite,301743.87660138495,806070.8963095569,34
16877,0.6043832823649337,0.5797145769622833,0.964322120285423,1.2367991845056066,0.9441386340468909,1.491335372069317,0.544954128440367,1.5339449541284402,1.4285423037716616,0.66493374108053,1.0069317023445463,56.797,-5.004,Ben Nevis,388,Highland,Andesite,216647.91909719384,771299.5299389521,311
16951,0.0,0.0,0.0,0.0,0.0,11.0,0.0,0.0,0.0,0.0,0.0,56.796,-4.937,"Aonach Beag, Stob Coire Bhealaich",5,Highland,Schist,220733.30539267758,771010.6647703229,5
17450,0.0,0.0,0.0,0.0,0.0,11.0,0.0,0.0,0.0,0.0,0.0,57.681,-4.958,Creag Dubh a Gorm Lochain,6,Highland,Schist,223730.29262315336,869532.2543876142,6
18599,0.0,0.0,0.0,0.0,0.0,1.9411764705882353,0.0,0.0,0.0,9.058823529411764,0.0,56.956,-3.19,Clais Rathadan,5,Aberdeenshire,Granite,327723.5739147746,785603.0264166761,5
18694,0.0,0.0,0.0,0.0,0.0,11.0,0.0,0.0,0.0,0.0,0.0,57.843,-4.831,Coire Mor,2,Highland,Schist,232053.9499427459,887235.1130238558,1
18736,0.0,0.0,2.75,0.0,0.0,2.75,0.0,0.0,0.0,0.0,5.5,57.305,-3.932,Slochd Summit,3,Invernesshire,Ice,283701.6659653687,825475.9136948185,1
18742,0.0,0.0,0.0,0.0,0.0,11.0,0.0,0.0,0.0,0.0,0.0,55.129,-4.33,Milldown Ice Falls,3,Galloway,UNKNOWN,251539.75856814496,584104.5236102194,1
18771,0.0,0.0,0.0,0.0,0.0,11.0,0.0,0.0,0.0,0.0,0.0,56.873,-3.354,Glas Maol 1068m Caenlochan Glen,6,Angus,UNKNOWN,317566.88034867693,776550.4239787797,4
18915,0.0,0.0,11.0,0.0,0.0,0.0,0.0,0.0,0.0,0.0,0.0,55.468,-3.372,Garelet Hill,1,Borders,UNKNOWN,313358.3018818553,620207.6473419496,1
18967,0.0,0.0,0.0,0.0,0.0,7.333333333333334,0.0,0.0,0.0,0.0,3.666666666666667,56.659,-4.997,"Gearr Aonach, West Face (Argyll and Bute)",6,Highland,Rhyolite,216403.14165929507,755927.8538782729,3
19102,0.0,0.0,0.0,0.0,0.0,0.0,0.0,0.0,11.0,0.0,0.0,57.241,-6.212,An Caisteal West Face,6,Skye,Gabbro,145972.6012667212,824560.8188558389,3
21399,0.0,0.0,2.2,8.8,0.0,0.0,0.0,0.0,0.0,0.0,0.0,57.261,-5.163,Coire Ghaidheil,3,Highland,Schist,209335.16807550107,823357.0544816818,3
21540,0.0,0.0,0.0,0.0,0.0,0.0,0.0,1.6382978723404256,0.23404255319148937,1.4042553191489362,7.723404255319149,56.852,-3.181,Corrie Farchal,11,Angus,Schist,328070.95092411136,774017.5617717552,11
21598,0.0,0.0,0.0,0.0,0.0,0.0,0.0,11.0,0.0,0.0,0.0,56.878,-3.306,Canness Glen,1,Angus,UNKNOWN,320503.10147155833,777050.0532463654,1
21647,0.0,0.0,0.0,0.0,0.0,0.0,0.0,2.2,0.0,0.0,8.8,56.354,-2.895,Ciste Crag,3,Invernesshire,Granite,344789.9595207043,718322.4293341821,3
22392,0.0,0.0,0.0,0.0,0.0,0.0,0.0,0.0,0.0,0.0,11.0,57.616,-5.388,Meall a Ghiubhais,5,Cromarty,Sandstone,197742.14462267116,863501.8592983552,1
22808,0.0,0.0,0.0,0.0,0.0,0.0,0.0,0.0,11.0,0.0,0.0,57.16,-3.627,Creag na h-Iolaire,6,Highland,UNKNOWN,301689.24446322117,808856.3534166408,5
22829,0.0,0.0,0.0,0.0,0.0,0.0,0.0,0.0,3.142857142857143,0.0,7.857142857142858,56.636,-4.941,Stob Coire Altruim,7,Highland,Andesite,219724.5331954234,753220.3204032461,7
25059,0.0,0.0,0.0,0.0,0.0,0.0,0.0,0.0,0.0,0.0,11.0,56.33,-4.731,Drover Falls,1,Bute,Ice,231245.918322415,718641.9972356927,1
25197,0.0,0.0,0.0,0.0,0.0,0.0,0.0,0.0,0.0,0.0,11.0,56.464,-4.342,Sron A Chlachain,2,Stirlingshire,UNKNOWN,255799.44734277693,732665.8155599881,1
25256,0.0,0.0,0.0,0.0,0.0,0.0,0.0,0.0,0.0,0.0,11.0,,,Creag na h-lolaire,1,Sutherland,UNKNOWN,,,1
